{
    "model_name": "xgboost",
    "results": {
        "train": {
            "mse": 0.6464603034925758,
            "pearson_corr": 0.9999939217847461,
            "pearson_corr_without_mean": 0.9999939282593485,
            "conf_matrix": [
                [
                    0.53,
                    0.0
                ],
                [
                    0.0,
                    0.47
                ]
            ],
            "mean_value": 7.793184757232666,
            "std_dev": 172.12413024902344,
            "skewness": 0.3364649052220837,
            "kurt": -0.07189231526860063,
            "vol": 172.30044555664062,
            "mean_over_vol": 0.0452302061021328,
            "pos_ratio": 0.47,
            "neg_ratio": 0.53,
            "pos_neg_ratio": 0.8867924528301886
        },
        "val": {
            "mse": 0.6464603034925758,
            "pearson_corr": 0.9999939217847461,
            "pearson_corr_without_mean": 0.9999939282593485,
            "conf_matrix": [
                [
                    0.53,
                    0.0
                ],
                [
                    0.0,
                    0.47
                ]
            ],
            "mean_value": 7.793184757232666,
            "std_dev": 172.12413024902344,
            "skewness": 0.3364649052220837,
            "kurt": -0.07189231526860063,
            "vol": 172.30044555664062,
            "mean_over_vol": 0.0452302061021328,
            "pos_ratio": 0.47,
            "neg_ratio": 0.53,
            "pos_neg_ratio": 0.8867924528301886
        },
        "test": {
            "mse": 0.6464603034925758,
            "pearson_corr": 0.9999939217847461,
            "pearson_corr_without_mean": 0.9999939282593485,
            "conf_matrix": [
                [
                    0.53,
                    0.0
                ],
                [
                    0.0,
                    0.47
                ]
            ],
            "mean_value": 7.793184757232666,
            "std_dev": 172.12413024902344,
            "skewness": 0.3364649052220837,
            "kurt": -0.07189231526860063,
            "vol": 172.30044555664062,
            "mean_over_vol": 0.0452302061021328,
            "pos_ratio": 0.47,
            "neg_ratio": 0.53,
            "pos_neg_ratio": 0.8867924528301886
        },
        "train_pos": {
            "mse": 0.6236056194573274,
            "pearson_corr": 0.999986686829431,
            "pearson_corr_without_mean": 0.9999953064880512,
            "conf_matrix": [
                [
                    1.0
                ]
            ],
            "mean_value": 155.7599334716797,
            "std_dev": 114.07156372070312,
            "skewness": 0.950638629382275,
            "kurt": 0.37018324647912193,
            "vol": 193.06341552734375,
            "mean_over_vol": 0.8067811727523804,
            "pos_ratio": 1.0,
            "neg_ratio": 0.0,
            "pos_neg_ratio": Infinity
        },
        "val_pos": {
            "mse": 0.6236056194573274,
            "pearson_corr": 0.999986686829431,
            "pearson_corr_without_mean": 0.9999953064880512,
            "conf_matrix": [
                [
                    1.0
                ]
            ],
            "mean_value": 155.7599334716797,
            "std_dev": 114.07156372070312,
            "skewness": 0.950638629382275,
            "kurt": 0.37018324647912193,
            "vol": 193.06341552734375,
            "mean_over_vol": 0.8067811727523804,
            "pos_ratio": 1.0,
            "neg_ratio": 0.0,
            "pos_neg_ratio": Infinity
        },
        "test_pos": {
            "mse": 0.6236056194573274,
            "pearson_corr": 0.999986686829431,
            "pearson_corr_without_mean": 0.9999953064880512,
            "conf_matrix": [
                [
                    1.0
                ]
            ],
            "mean_value": 155.7599334716797,
            "std_dev": 114.07156372070312,
            "skewness": 0.950638629382275,
            "kurt": 0.37018324647912193,
            "vol": 193.06341552734375,
            "mean_over_vol": 0.8067811727523804,
            "pos_ratio": 1.0,
            "neg_ratio": 0.0,
            "pos_neg_ratio": Infinity
        }
    },
    "args": {
        "target_column": "y2",
        "k": 100,
        "feature_selection": "f_regression",
        "save_dir": "results/f_regression_y2_XG",
        "regressor_name": "xgboost",
        "regressor_params": "configs/xgboost.json"
    },
    "selected_features": [
        true,
        true,
        true,
        true,
        true,
        true,
        false,
        true,
        true,
        true,
        true,
        false,
        true,
        false,
        true,
        true,
        true,
        true,
        false,
        true,
        true,
        true,
        true,
        true,
        true,
        true,
        true,
        true,
        true,
        true,
        true,
        true,
        true,
        false,
        true,
        true,
        true,
        false,
        true,
        true,
        true,
        true,
        true,
        false,
        true,
        true,
        true,
        true,
        true,
        false,
        true,
        true,
        true,
        true,
        false,
        true,
        false,
        false,
        true,
        true,
        true,
        true,
        true,
        true,
        true,
        true,
        false,
        true,
        true,
        true,
        true,
        true,
        true,
        true,
        true,
        false,
        true,
        false,
        true,
        true,
        false,
        true,
        true,
        true,
        true,
        false,
        true,
        false,
        true,
        true,
        false,
        false,
        true,
        true,
        false,
        true,
        true,
        true,
        true,
        false,
        true,
        true,
        false,
        true,
        true,
        true,
        true,
        true,
        false,
        true,
        true,
        true,
        true,
        true,
        true,
        true,
        true,
        true,
        true,
        true,
        true,
        true,
        false,
        true
    ]
}