{
    "model_name": "pca",
    "results": {
        "train": {
            "mse": 1108.3582144401205,
            "pearson_corr": 0.9935305631958875,
            "pearson_corr_without_mean": 0.9935166105791887,
            "conf_matrix": [
                [
                    509,
                    13
                ],
                [
                    26,
                    452
                ]
            ],
            "mean_value": -4.0504631996154785,
            "std_dev": 123.64649963378906,
            "skewness": 0.11865332059295891,
            "kurt": 0.026343288944381094,
            "positive_count": 465,
            "negative_count": 535
        },
        "val": {
            "mse": 25580.291548433852,
            "pearson_corr": 0.0008455551768028757,
            "pearson_corr_without_mean": -0.006178780807353341,
            "conf_matrix": [
                [
                    31,
                    18
                ],
                [
                    31,
                    20
                ]
            ],
            "mean_value": -9.159998893737793,
            "std_dev": 37.585289001464844,
            "skewness": 0.02678705055771567,
            "kurt": -0.06296273257913221,
            "positive_count": 38,
            "negative_count": 62
        },
        "test": {
            "mse": 25580.291548433852,
            "pearson_corr": 0.0008455551768028757,
            "pearson_corr_without_mean": -0.006178780807353341,
            "conf_matrix": [
                [
                    31,
                    18
                ],
                [
                    31,
                    20
                ]
            ],
            "mean_value": -9.159998893737793,
            "std_dev": 37.585289001464844,
            "skewness": 0.02678705055771567,
            "kurt": -0.06296273257913221,
            "positive_count": 38,
            "negative_count": 62
        }
    },
    "args": {
        "target_column": "y3",
        "method": "pca",
        "method_params": "configs/pca.json",
        "regressor_name": "xgboost",
        "regressor_params": "configs/xgboost.json",
        "save_dir": "results/pca_xgboost_y3"
    }
}