{
    "model_name": "pca",
    "results": {
        "train": {
            "mse": 1072.2083488101018,
            "pearson_corr": 0.9768398660189201,
            "pearson_corr_without_mean": 0.9768562867046247,
            "conf_matrix": [
                [
                    487,
                    35
                ],
                [
                    31,
                    447
                ]
            ],
            "mean_value": -4.052316881325865,
            "std_dev": 149.48812291171254,
            "skewness": 0.06776946306889865,
            "kurt": -0.05250254097987739,
            "positive_count": 482,
            "negative_count": 518
        },
        "val": {
            "mse": 34147.92980426459,
            "pearson_corr": 0.02739313138586399,
            "pearson_corr_without_mean": 0.026518397652318174,
            "conf_matrix": [
                [
                    29,
                    20
                ],
                [
                    24,
                    27
                ]
            ],
            "mean_value": -3.020578708118512,
            "std_dev": 104.83833349201124,
            "skewness": 0.42107760263591265,
            "kurt": 0.19703613565308453,
            "positive_count": 47,
            "negative_count": 53
        },
        "test": {
            "mse": 34147.92980426459,
            "pearson_corr": 0.02739313138586399,
            "pearson_corr_without_mean": 0.026518397652318174,
            "conf_matrix": [
                [
                    29,
                    20
                ],
                [
                    24,
                    27
                ]
            ],
            "mean_value": -3.020578708118512,
            "std_dev": 104.83833349201124,
            "skewness": 0.42107760263591265,
            "kurt": 0.19703613565308453,
            "positive_count": 47,
            "negative_count": 53
        }
    },
    "args": {
        "target_column": "y3",
        "method": "pca",
        "method_params": "configs/pca.json",
        "regressor_name": "linear_regression",
        "regressor_params": "configs/linear_regression.json",
        "save_dir": "results/pca_LR_y3"
    }
}