{
    "model_name": "linear_regression",
    "results": {
        "train": {
            "mse": 5.600797633016332e-25,
            "pearson_corr": 1.0,
            "pearson_corr_without_mean": 1.0,
            "conf_matrix": [
                [
                    0.55,
                    0.0
                ],
                [
                    0.0,
                    0.45
                ]
            ],
            "mean_value": 15.578360145751944,
            "std_dev": 183.17063590714767,
            "skewness": 0.37674968134542935,
            "kurt": 0.14772796768230867,
            "vol": 183.83189919994737,
            "mean_over_vol": 0.08474242073084345,
            "pos_ratio": 0.45,
            "neg_ratio": 0.55,
            "pos_neg_ratio": 0.8181818181818181
        },
        "val": {
            "mse": 5.600797633016332e-25,
            "pearson_corr": 1.0,
            "pearson_corr_without_mean": 1.0,
            "conf_matrix": [
                [
                    0.55,
                    0.0
                ],
                [
                    0.0,
                    0.45
                ]
            ],
            "mean_value": 15.578360145751944,
            "std_dev": 183.17063590714767,
            "skewness": 0.37674968134542935,
            "kurt": 0.14772796768230867,
            "vol": 183.83189919994737,
            "mean_over_vol": 0.08474242073084345,
            "pos_ratio": 0.45,
            "neg_ratio": 0.55,
            "pos_neg_ratio": 0.8181818181818181
        },
        "test": {
            "mse": 5.600797633016332e-25,
            "pearson_corr": 1.0,
            "pearson_corr_without_mean": 1.0,
            "conf_matrix": [
                [
                    0.55,
                    0.0
                ],
                [
                    0.0,
                    0.45
                ]
            ],
            "mean_value": 15.578360145751944,
            "std_dev": 183.17063590714767,
            "skewness": 0.37674968134542935,
            "kurt": 0.14772796768230867,
            "vol": 183.83189919994737,
            "mean_over_vol": 0.08474242073084345,
            "pos_ratio": 0.45,
            "neg_ratio": 0.55,
            "pos_neg_ratio": 0.8181818181818181
        },
        "train_pos": {
            "mse": 4.469666255110834e-25,
            "pearson_corr": 1.0,
            "pearson_corr_without_mean": 0.9999999999999999,
            "conf_matrix": [
                [
                    1.0
                ]
            ],
            "mean_value": 173.6001916913586,
            "std_dev": 132.9324574460334,
            "skewness": 0.6470003858962986,
            "kurt": -0.4933972974575891,
            "vol": 218.65055407640276,
            "mean_over_vol": 0.7939618192355357,
            "pos_ratio": 1.0,
            "neg_ratio": 0.0,
            "pos_neg_ratio": Infinity
        },
        "val_pos": {
            "mse": 4.469666255110834e-25,
            "pearson_corr": 1.0,
            "pearson_corr_without_mean": 0.9999999999999999,
            "conf_matrix": [
                [
                    1.0
                ]
            ],
            "mean_value": 173.6001916913586,
            "std_dev": 132.9324574460334,
            "skewness": 0.6470003858962986,
            "kurt": -0.4933972974575891,
            "vol": 218.65055407640276,
            "mean_over_vol": 0.7939618192355357,
            "pos_ratio": 1.0,
            "neg_ratio": 0.0,
            "pos_neg_ratio": Infinity
        },
        "test_pos": {
            "mse": 4.469666255110834e-25,
            "pearson_corr": 1.0,
            "pearson_corr_without_mean": 0.9999999999999999,
            "conf_matrix": [
                [
                    1.0
                ]
            ],
            "mean_value": 173.6001916913586,
            "std_dev": 132.9324574460334,
            "skewness": 0.6470003858962986,
            "kurt": -0.4933972974575891,
            "vol": 218.65055407640276,
            "mean_over_vol": 0.7939618192355357,
            "pos_ratio": 1.0,
            "neg_ratio": 0.0,
            "pos_neg_ratio": Infinity
        }
    },
    "args": {
        "target_column": "y1",
        "k": 100,
        "feature_selection": "f_regression",
        "save_dir": "results/f_regression_y1_LR",
        "regressor_name": "linear_regression",
        "regressor_params": "configs/linear_regression.json"
    },
    "selected_features": [
        true,
        false,
        true,
        true,
        true,
        true,
        true,
        false,
        true,
        true,
        true,
        false,
        true,
        true,
        true,
        true,
        true,
        false,
        true,
        true,
        true,
        true,
        true,
        false,
        true,
        true,
        true,
        true,
        true,
        true,
        true,
        true,
        true,
        true,
        true,
        true,
        true,
        false,
        true,
        true,
        true,
        true,
        true,
        true,
        true,
        true,
        true,
        false,
        true,
        false,
        true,
        true,
        true,
        true,
        true,
        true,
        true,
        true,
        true,
        true,
        true,
        true,
        true,
        true,
        true,
        true,
        true,
        true,
        true,
        true,
        true,
        true,
        true,
        false,
        true,
        true,
        true,
        false,
        true,
        true,
        false,
        true,
        true,
        true,
        true,
        false,
        true,
        true,
        false,
        true,
        false,
        false,
        true,
        true,
        true,
        true,
        true,
        false,
        true,
        false,
        true,
        true,
        true,
        true,
        true,
        true,
        true,
        true,
        false,
        false,
        false,
        false,
        true,
        true,
        true,
        false,
        true,
        false,
        true,
        true,
        false,
        true,
        true,
        true
    ]
}