{
    "model_name": "ica",
    "results": {
        "train": {
            "mse": 22517.914199277016,
            "pearson_corr": 0.19614507375419044,
            "pearson_corr_without_mean": 0.19785509253531214,
            "conf_matrix": [
                [
                    319,
                    203
                ],
                [
                    241,
                    237
                ]
            ],
            "mean_value": -4.052316881325866,
            "std_dev": 30.016546123769096,
            "skewness": 0.04044323085289945,
            "kurt": -0.09576432560471781,
            "positive_count": 440,
            "negative_count": 560
        },
        "val": {
            "mse": 24766.97824699002,
            "pearson_corr": -0.09664283869756239,
            "pearson_corr_without_mean": -0.10070168807495104,
            "conf_matrix": [
                [
                    31,
                    18
                ],
                [
                    29,
                    22
                ]
            ],
            "mean_value": -3.454917921181372,
            "std_dev": 15.654930404406338,
            "skewness": 0.18110122888372426,
            "kurt": -0.4645693087132079,
            "positive_count": 40,
            "negative_count": 60
        },
        "test": {
            "mse": 24766.97824699002,
            "pearson_corr": -0.09664283869756239,
            "pearson_corr_without_mean": -0.10070168807495104,
            "conf_matrix": [
                [
                    31,
                    18
                ],
                [
                    29,
                    22
                ]
            ],
            "mean_value": -3.454917921181372,
            "std_dev": 15.654930404406338,
            "skewness": 0.18110122888372426,
            "kurt": -0.4645693087132079,
            "positive_count": 40,
            "negative_count": 60
        }
    },
    "args": {
        "target_column": "y3",
        "method": "ica",
        "method_params": "configs/ica.json",
        "regressor_name": "linear_regression",
        "regressor_params": "configs/linear_regression.json",
        "save_dir": "results/ica_y1_LR"
    }
}