{
    "model_name": "lasso",
    "results": {
        "train": {
            "mse": 1.3779315498572836e-25,
            "pearson_corr": 0.9999999999999999,
            "pearson_corr_without_mean": 0.9999999999999999,
            "conf_matrix": [
                [
                    0.53,
                    0.0
                ],
                [
                    0.0,
                    0.47
                ]
            ],
            "mean_value": 6.404271683948297,
            "std_dev": 161.4882498751734,
            "skewness": 0.31968003213517476,
            "kurt": -0.1389627924178769,
            "vol": 161.61518970551086,
            "mean_over_vol": 0.03962666934721867,
            "pos_ratio": 0.47,
            "neg_ratio": 0.53,
            "pos_neg_ratio": 0.8867924528301886
        },
        "val": {
            "mse": 1.3779315498572836e-25,
            "pearson_corr": 0.9999999999999999,
            "pearson_corr_without_mean": 0.9999999999999999,
            "conf_matrix": [
                [
                    0.53,
                    0.0
                ],
                [
                    0.0,
                    0.47
                ]
            ],
            "mean_value": 6.404271683948297,
            "std_dev": 161.4882498751734,
            "skewness": 0.31968003213517476,
            "kurt": -0.1389627924178769,
            "vol": 161.61518970551086,
            "mean_over_vol": 0.03962666934721867,
            "pos_ratio": 0.47,
            "neg_ratio": 0.53,
            "pos_neg_ratio": 0.8867924528301886
        },
        "test": {
            "mse": 1.3779315498572836e-25,
            "pearson_corr": 0.9999999999999999,
            "pearson_corr_without_mean": 0.9999999999999999,
            "conf_matrix": [
                [
                    0.53,
                    0.0
                ],
                [
                    0.0,
                    0.47
                ]
            ],
            "mean_value": 6.404271683948297,
            "std_dev": 161.4882498751734,
            "skewness": 0.31968003213517476,
            "kurt": -0.1389627924178769,
            "vol": 161.61518970551086,
            "mean_over_vol": 0.03962666934721867,
            "pos_ratio": 0.47,
            "neg_ratio": 0.53,
            "pos_neg_ratio": 0.8867924528301886
        },
        "train_pos": {
            "mse": 1.2085851861911264e-25,
            "pearson_corr": 0.9999999999999998,
            "pearson_corr_without_mean": 1.0000000000000002,
            "conf_matrix": [
                [
                    1.0
                ]
            ],
            "mean_value": 143.51522148495283,
            "std_dev": 109.56621162666062,
            "skewness": 0.7408811063348936,
            "kurt": -0.21525437987418128,
            "vol": 180.55850444687795,
            "mean_over_vol": 0.7948405527870132,
            "pos_ratio": 1.0,
            "neg_ratio": 0.0,
            "pos_neg_ratio": Infinity
        },
        "val_pos": {
            "mse": 1.2085851861911264e-25,
            "pearson_corr": 0.9999999999999998,
            "pearson_corr_without_mean": 1.0000000000000002,
            "conf_matrix": [
                [
                    1.0
                ]
            ],
            "mean_value": 143.51522148495283,
            "std_dev": 109.56621162666062,
            "skewness": 0.7408811063348936,
            "kurt": -0.21525437987418128,
            "vol": 180.55850444687795,
            "mean_over_vol": 0.7948405527870132,
            "pos_ratio": 1.0,
            "neg_ratio": 0.0,
            "pos_neg_ratio": Infinity
        },
        "test_pos": {
            "mse": 1.2085851861911264e-25,
            "pearson_corr": 0.9999999999999998,
            "pearson_corr_without_mean": 1.0000000000000002,
            "conf_matrix": [
                [
                    1.0
                ]
            ],
            "mean_value": 143.51522148495283,
            "std_dev": 109.56621162666062,
            "skewness": 0.7408811063348936,
            "kurt": -0.21525437987418128,
            "vol": 180.55850444687795,
            "mean_over_vol": 0.7948405527870132,
            "pos_ratio": 1.0,
            "neg_ratio": 0.0,
            "pos_neg_ratio": Infinity
        }
    },
    "selected_features": [
        true,
        true,
        true,
        true,
        true,
        true,
        false,
        false,
        true,
        true,
        false,
        false,
        true,
        false,
        true,
        true,
        true,
        true,
        true,
        true,
        true,
        true,
        true,
        true,
        false,
        true,
        true,
        true,
        true,
        true,
        true,
        false,
        true,
        true,
        true,
        true,
        true,
        false,
        true,
        false,
        true,
        true,
        false,
        false,
        true,
        true,
        true,
        true,
        true,
        true,
        true,
        true,
        true,
        true,
        true,
        true,
        true,
        false,
        true,
        false,
        true,
        true,
        true,
        false,
        true,
        true,
        true,
        true,
        true,
        true,
        true,
        true,
        false,
        true,
        true,
        false,
        false,
        false,
        true,
        true,
        false,
        true,
        false,
        false,
        true,
        true,
        true,
        false,
        true,
        false,
        true,
        true,
        false,
        false,
        true,
        true,
        true,
        true,
        true,
        true,
        true,
        false,
        true,
        true,
        true,
        true,
        true,
        true,
        true,
        false,
        true,
        true,
        true,
        true,
        true,
        true,
        true,
        true,
        false,
        true,
        false,
        true,
        false,
        true
    ],
    "args": {
        "target_column": "y3",
        "alpha": 0.01,
        "precompute": true,
        "save_dir": "results/lasso_0.01_y3",
        "regressor_name": "linear_regression",
        "regressor_params": "./configs/linear_regression.json"
    }
}