{
    "alpha_0.001": {
        "model_name": "lasso",
        "results": {
            "train": {
                "mse": 0.003152338009730203,
                "pearson_corr": 0.9999999327423106,
                "pearson_corr_without_mean": 0.9999999327894068,
                "conf_matrix": [
                    [
                        522,
                        0
                    ],
                    [
                        0,
                        478
                    ]
                ],
                "mean_value": -4.052316881325853,
                "std_dev": 153.03090173909172,
                "skewness": 0.09698148262827583,
                "kurt": -0.09061544399931565,
                "positive_count": 478,
                "negative_count": 522
            },
            "val": {
                "mse": 52524.898775437316,
                "pearson_corr": -0.0553865299461863,
                "pearson_corr_without_mean": -0.05499670091147794,
                "conf_matrix": [
                    [
                        26,
                        23
                    ],
                    [
                        30,
                        21
                    ]
                ],
                "mean_value": 1.963236016351576,
                "std_dev": 160.54568645546786,
                "skewness": 0.3303810903552945,
                "kurt": -0.14685944020352926,
                "positive_count": 44,
                "negative_count": 56
            },
            "test": {
                "mse": 52524.898775437316,
                "pearson_corr": -0.0553865299461863,
                "pearson_corr_without_mean": -0.05499670091147794,
                "conf_matrix": [
                    [
                        26,
                        23
                    ],
                    [
                        30,
                        21
                    ]
                ],
                "mean_value": 1.963236016351576,
                "std_dev": 160.54568645546786,
                "skewness": 0.3303810903552945,
                "kurt": -0.14685944020352926,
                "positive_count": 44,
                "negative_count": 56
            }
        }
    },
    "alpha_0.01": {
        "model_name": "lasso",
        "results": {
            "train": {
                "mse": 0.0010540185846755676,
                "pearson_corr": 0.9999999916825237,
                "pearson_corr_without_mean": 0.9999999916784151,
                "conf_matrix": [
                    [
                        522,
                        0
                    ],
                    [
                        0,
                        478
                    ]
                ],
                "mean_value": -4.052316881325861,
                "std_dev": 153.0065950517256,
                "skewness": 0.09688321642066132,
                "kurt": -0.09076950403144446,
                "positive_count": 478,
                "negative_count": 522
            },
            "val": {
                "mse": 55133.22241045502,
                "pearson_corr": -0.049290506203689126,
                "pearson_corr_without_mean": -0.04861247398215494,
                "conf_matrix": [
                    [
                        28,
                        21
                    ],
                    [
                        30,
                        21
                    ]
                ],
                "mean_value": 3.6869397440542273,
                "std_dev": 169.00671847572212,
                "skewness": 0.3348651315399841,
                "kurt": -0.32218542612806145,
                "positive_count": 42,
                "negative_count": 58
            },
            "test": {
                "mse": 55133.22241045502,
                "pearson_corr": -0.049290506203689126,
                "pearson_corr_without_mean": -0.04861247398215494,
                "conf_matrix": [
                    [
                        28,
                        21
                    ],
                    [
                        30,
                        21
                    ]
                ],
                "mean_value": 3.6869397440542273,
                "std_dev": 169.00671847572212,
                "skewness": 0.3348651315399841,
                "kurt": -0.32218542612806145,
                "positive_count": 42,
                "negative_count": 58
            }
        }
    },
    "alpha_0.1": {
        "model_name": "lasso",
        "results": {
            "train": {
                "mse": 0.10543906311494215,
                "pearson_corr": 0.9999991647696309,
                "pearson_corr_without_mean": 0.9999991643600865,
                "conf_matrix": [
                    [
                        522,
                        0
                    ],
                    [
                        0,
                        478
                    ]
                ],
                "mean_value": -4.052316881325861,
                "std_dev": 152.77472115913633,
                "skewness": 0.09691127975948309,
                "kurt": -0.09116313552349364,
                "positive_count": 478,
                "negative_count": 522
            },
            "val": {
                "mse": 55033.2089464656,
                "pearson_corr": -0.04918883110309778,
                "pearson_corr_without_mean": -0.04851221475184613,
                "conf_matrix": [
                    [
                        28,
                        21
                    ],
                    [
                        29,
                        22
                    ]
                ],
                "mean_value": 3.6736599344697742,
                "std_dev": 168.73839202397292,
                "skewness": 0.334700594892951,
                "kurt": -0.3219716261423309,
                "positive_count": 43,
                "negative_count": 57
            },
            "test": {
                "mse": 55033.2089464656,
                "pearson_corr": -0.04918883110309778,
                "pearson_corr_without_mean": -0.04851221475184613,
                "conf_matrix": [
                    [
                        28,
                        21
                    ],
                    [
                        29,
                        22
                    ]
                ],
                "mean_value": 3.6736599344697742,
                "std_dev": 168.73839202397292,
                "skewness": 0.334700594892951,
                "kurt": -0.3219716261423309,
                "positive_count": 43,
                "negative_count": 57
            }
        }
    }
}