{
    "model_name": "lasso",
    "results": {
        "train": {
            "mse": 0.027150780897491726,
            "pearson_corr": 0.999999515728415,
            "pearson_corr_without_mean": 0.9999995164319303,
            "conf_matrix": [
                [
                    0.53,
                    0.0
                ],
                [
                    0.0,
                    0.47
                ]
            ],
            "mean_value": 6.4042716839483,
            "std_dev": 161.44466675536458,
            "skewness": 0.3196211574869627,
            "kurt": -0.13965730766570328,
            "vol": 161.57164082707257,
            "mean_over_vol": 0.039637350039681066,
            "pos_ratio": 0.47,
            "neg_ratio": 0.53,
            "pos_neg_ratio": 0.8867924528301886
        },
        "val": {
            "mse": 0.027150780897491726,
            "pearson_corr": 0.999999515728415,
            "pearson_corr_without_mean": 0.9999995164319303,
            "conf_matrix": [
                [
                    0.53,
                    0.0
                ],
                [
                    0.0,
                    0.47
                ]
            ],
            "mean_value": 6.4042716839483,
            "std_dev": 161.44466675536458,
            "skewness": 0.3196211574869627,
            "kurt": -0.13965730766570328,
            "vol": 161.57164082707257,
            "mean_over_vol": 0.039637350039681066,
            "pos_ratio": 0.47,
            "neg_ratio": 0.53,
            "pos_neg_ratio": 0.8867924528301886
        },
        "test": {
            "mse": 0.027150780897491726,
            "pearson_corr": 0.999999515728415,
            "pearson_corr_without_mean": 0.9999995164319303,
            "conf_matrix": [
                [
                    0.53,
                    0.0
                ],
                [
                    0.0,
                    0.47
                ]
            ],
            "mean_value": 6.4042716839483,
            "std_dev": 161.44466675536458,
            "skewness": 0.3196211574869627,
            "kurt": -0.13965730766570328,
            "vol": 161.57164082707257,
            "mean_over_vol": 0.039637350039681066,
            "pos_ratio": 0.47,
            "neg_ratio": 0.53,
            "pos_neg_ratio": 0.8867924528301886
        },
        "train_pos": {
            "mse": 0.028160070242224087,
            "pearson_corr": 0.999998918256209,
            "pearson_corr_without_mean": 0.9999995983182484,
            "conf_matrix": [
                [
                    1.0
                ]
            ],
            "mean_value": 143.48891801738648,
            "std_dev": 109.52741398694657,
            "skewness": 0.7401016094137375,
            "kurt": -0.21610746366318834,
            "vol": 180.5140548779187,
            "mean_over_vol": 0.7948905591557829,
            "pos_ratio": 1.0,
            "neg_ratio": 0.0,
            "pos_neg_ratio": Infinity
        },
        "val_pos": {
            "mse": 0.028160070242224087,
            "pearson_corr": 0.999998918256209,
            "pearson_corr_without_mean": 0.9999995983182484,
            "conf_matrix": [
                [
                    1.0
                ]
            ],
            "mean_value": 143.48891801738648,
            "std_dev": 109.52741398694657,
            "skewness": 0.7401016094137375,
            "kurt": -0.21610746366318834,
            "vol": 180.5140548779187,
            "mean_over_vol": 0.7948905591557829,
            "pos_ratio": 1.0,
            "neg_ratio": 0.0,
            "pos_neg_ratio": Infinity
        },
        "test_pos": {
            "mse": 0.028160070242224087,
            "pearson_corr": 0.999998918256209,
            "pearson_corr_without_mean": 0.9999995983182484,
            "conf_matrix": [
                [
                    1.0
                ]
            ],
            "mean_value": 143.48891801738648,
            "std_dev": 109.52741398694657,
            "skewness": 0.7401016094137375,
            "kurt": -0.21610746366318834,
            "vol": 180.5140548779187,
            "mean_over_vol": 0.7948905591557829,
            "pos_ratio": 1.0,
            "neg_ratio": 0.0,
            "pos_neg_ratio": Infinity
        }
    },
    "selected_features": [
        true,
        true,
        true,
        true,
        true,
        true,
        false,
        false,
        true,
        true,
        false,
        false,
        true,
        false,
        true,
        true,
        true,
        true,
        true,
        true,
        true,
        true,
        true,
        true,
        false,
        true,
        true,
        true,
        true,
        true,
        true,
        false,
        true,
        true,
        true,
        true,
        true,
        false,
        true,
        false,
        true,
        true,
        false,
        false,
        true,
        true,
        true,
        true,
        true,
        true,
        true,
        true,
        true,
        true,
        true,
        true,
        true,
        false,
        true,
        false,
        true,
        true,
        true,
        false,
        true,
        true,
        true,
        true,
        true,
        true,
        true,
        true,
        false,
        true,
        true,
        false,
        false,
        false,
        true,
        true,
        false,
        true,
        false,
        false,
        true,
        true,
        true,
        false,
        true,
        false,
        true,
        true,
        false,
        false,
        true,
        true,
        true,
        true,
        true,
        true,
        true,
        false,
        true,
        true,
        true,
        true,
        true,
        true,
        true,
        false,
        true,
        true,
        true,
        true,
        true,
        true,
        true,
        true,
        false,
        true,
        false,
        true,
        false,
        true
    ]
}