{
    "model_name": "linear_regression",
    "results": {
        "train": {
            "mse": 3.412761025570538e-26,
            "pearson_corr": 1.0,
            "pearson_corr_without_mean": 1.0000000000000002,
            "conf_matrix": [
                [
                    0.53,
                    0.0
                ],
                [
                    0.0,
                    0.47
                ]
            ],
            "mean_value": 6.404271683948292,
            "std_dev": 161.4882498751732,
            "skewness": 0.3196800321351751,
            "kurt": -0.1389627924178778,
            "vol": 161.6151897055107,
            "mean_over_vol": 0.03962666934721868,
            "pos_ratio": 0.47,
            "neg_ratio": 0.53,
            "pos_neg_ratio": 0.8867924528301886
        },
        "val": {
            "mse": 3.412761025570538e-26,
            "pearson_corr": 1.0,
            "pearson_corr_without_mean": 1.0000000000000002,
            "conf_matrix": [
                [
                    0.53,
                    0.0
                ],
                [
                    0.0,
                    0.47
                ]
            ],
            "mean_value": 6.404271683948292,
            "std_dev": 161.4882498751732,
            "skewness": 0.3196800321351751,
            "kurt": -0.1389627924178778,
            "vol": 161.6151897055107,
            "mean_over_vol": 0.03962666934721868,
            "pos_ratio": 0.47,
            "neg_ratio": 0.53,
            "pos_neg_ratio": 0.8867924528301886
        },
        "test": {
            "mse": 3.412761025570538e-26,
            "pearson_corr": 1.0,
            "pearson_corr_without_mean": 1.0000000000000002,
            "conf_matrix": [
                [
                    0.53,
                    0.0
                ],
                [
                    0.0,
                    0.47
                ]
            ],
            "mean_value": 6.404271683948292,
            "std_dev": 161.4882498751732,
            "skewness": 0.3196800321351751,
            "kurt": -0.1389627924178778,
            "vol": 161.6151897055107,
            "mean_over_vol": 0.03962666934721868,
            "pos_ratio": 0.47,
            "neg_ratio": 0.53,
            "pos_neg_ratio": 0.8867924528301886
        },
        "train_pos": {
            "mse": 3.1015787925925606e-26,
            "pearson_corr": 0.9999999999999999,
            "pearson_corr_without_mean": 1.0000000000000002,
            "conf_matrix": [
                [
                    1.0
                ]
            ],
            "mean_value": 143.51522148495263,
            "std_dev": 109.56621162666049,
            "skewness": 0.7408811063348927,
            "kurt": -0.21525437987417906,
            "vol": 180.55850444687775,
            "mean_over_vol": 0.7948405527870129,
            "pos_ratio": 1.0,
            "neg_ratio": 0.0,
            "pos_neg_ratio": Infinity
        },
        "val_pos": {
            "mse": 3.1015787925925606e-26,
            "pearson_corr": 0.9999999999999999,
            "pearson_corr_without_mean": 1.0000000000000002,
            "conf_matrix": [
                [
                    1.0
                ]
            ],
            "mean_value": 143.51522148495263,
            "std_dev": 109.56621162666049,
            "skewness": 0.7408811063348927,
            "kurt": -0.21525437987417906,
            "vol": 180.55850444687775,
            "mean_over_vol": 0.7948405527870129,
            "pos_ratio": 1.0,
            "neg_ratio": 0.0,
            "pos_neg_ratio": Infinity
        },
        "test_pos": {
            "mse": 3.1015787925925606e-26,
            "pearson_corr": 0.9999999999999999,
            "pearson_corr_without_mean": 1.0000000000000002,
            "conf_matrix": [
                [
                    1.0
                ]
            ],
            "mean_value": 143.51522148495263,
            "std_dev": 109.56621162666049,
            "skewness": 0.7408811063348927,
            "kurt": -0.21525437987417906,
            "vol": 180.55850444687775,
            "mean_over_vol": 0.7948405527870129,
            "pos_ratio": 1.0,
            "neg_ratio": 0.0,
            "pos_neg_ratio": Infinity
        }
    },
    "selected_features": [
        false,
        false,
        false,
        false,
        false,
        false,
        false,
        false,
        false,
        false,
        false,
        false,
        false,
        false,
        false,
        false,
        true,
        false,
        false,
        false,
        true,
        false,
        false,
        false,
        false,
        true,
        false,
        false,
        false,
        false,
        false,
        false,
        false,
        false,
        false,
        false,
        false,
        false,
        false,
        false,
        false,
        false,
        false,
        false,
        false,
        false,
        true,
        false,
        false,
        false,
        false,
        false,
        false,
        false,
        false,
        false,
        false,
        false,
        false,
        false,
        true,
        false,
        false,
        false,
        false,
        false,
        false,
        false,
        true,
        true,
        false,
        false,
        false,
        false,
        false,
        false,
        false,
        false,
        false,
        false,
        false,
        false,
        false,
        false,
        false,
        false,
        false,
        false,
        true,
        false,
        false,
        false,
        false,
        false,
        true,
        true,
        false,
        false,
        false,
        false,
        false,
        false,
        false,
        false,
        false,
        false,
        false,
        false,
        false,
        false,
        false,
        false,
        false,
        false,
        false,
        false,
        true,
        false,
        false,
        false,
        false,
        false,
        false,
        false
    ]
}