{
    "model_name": "lasso",
    "results": {
        "train": {
            "mse": 0.1349263664765832,
            "pearson_corr": 0.9999989031077193,
            "pearson_corr_without_mean": 0.9999989024859637,
            "conf_matrix": [
                [
                    0.53,
                    0.0
                ],
                [
                    0.0,
                    0.47
                ]
            ],
            "mean_value": 6.404271683948293,
            "std_dev": 161.2092970483669,
            "skewness": 0.3196951392665247,
            "kurt": -0.13766271707727684,
            "vol": 161.33645635946766,
            "mean_over_vol": 0.03969513046499037,
            "pos_ratio": 0.47,
            "neg_ratio": 0.53,
            "pos_neg_ratio": 0.8867924528301886
        },
        "val": {
            "mse": 0.1349263664765832,
            "pearson_corr": 0.9999989031077193,
            "pearson_corr_without_mean": 0.9999989024859637,
            "conf_matrix": [
                [
                    0.53,
                    0.0
                ],
                [
                    0.0,
                    0.47
                ]
            ],
            "mean_value": 6.404271683948293,
            "std_dev": 161.2092970483669,
            "skewness": 0.3196951392665247,
            "kurt": -0.13766271707727684,
            "vol": 161.33645635946766,
            "mean_over_vol": 0.03969513046499037,
            "pos_ratio": 0.47,
            "neg_ratio": 0.53,
            "pos_neg_ratio": 0.8867924528301886
        },
        "test": {
            "mse": 0.1349263664765832,
            "pearson_corr": 0.9999989031077193,
            "pearson_corr_without_mean": 0.9999989024859637,
            "conf_matrix": [
                [
                    0.53,
                    0.0
                ],
                [
                    0.0,
                    0.47
                ]
            ],
            "mean_value": 6.404271683948293,
            "std_dev": 161.2092970483669,
            "skewness": 0.3196951392665247,
            "kurt": -0.13766271707727684,
            "vol": 161.33645635946766,
            "mean_over_vol": 0.03969513046499037,
            "pos_ratio": 0.47,
            "neg_ratio": 0.53,
            "pos_neg_ratio": 0.8867924528301886
        },
        "train_pos": {
            "mse": 0.1579040768542318,
            "pearson_corr": 0.9999973586221705,
            "pearson_corr_without_mean": 0.9999990115592117,
            "conf_matrix": [
                [
                    1.0
                ]
            ],
            "mean_value": 143.2527799500561,
            "std_dev": 109.40588967611735,
            "skewness": 0.7412860994296413,
            "kurt": -0.21330020933489013,
            "vol": 180.25262178188132,
            "mean_over_vol": 0.7947334054502814,
            "pos_ratio": 1.0,
            "neg_ratio": 0.0,
            "pos_neg_ratio": Infinity
        },
        "val_pos": {
            "mse": 0.1579040768542318,
            "pearson_corr": 0.9999973586221705,
            "pearson_corr_without_mean": 0.9999990115592117,
            "conf_matrix": [
                [
                    1.0
                ]
            ],
            "mean_value": 143.2527799500561,
            "std_dev": 109.40588967611735,
            "skewness": 0.7412860994296413,
            "kurt": -0.21330020933489013,
            "vol": 180.25262178188132,
            "mean_over_vol": 0.7947334054502814,
            "pos_ratio": 1.0,
            "neg_ratio": 0.0,
            "pos_neg_ratio": Infinity
        },
        "test_pos": {
            "mse": 0.1579040768542318,
            "pearson_corr": 0.9999973586221705,
            "pearson_corr_without_mean": 0.9999990115592117,
            "conf_matrix": [
                [
                    1.0
                ]
            ],
            "mean_value": 143.2527799500561,
            "std_dev": 109.40588967611735,
            "skewness": 0.7412860994296413,
            "kurt": -0.21330020933489013,
            "vol": 180.25262178188132,
            "mean_over_vol": 0.7947334054502814,
            "pos_ratio": 1.0,
            "neg_ratio": 0.0,
            "pos_neg_ratio": Infinity
        }
    },
    "selected_features": [
        false,
        false,
        false,
        false,
        false,
        false,
        false,
        false,
        false,
        false,
        false,
        false,
        false,
        false,
        false,
        false,
        true,
        false,
        false,
        false,
        true,
        false,
        false,
        false,
        false,
        true,
        false,
        false,
        false,
        false,
        false,
        false,
        false,
        false,
        false,
        false,
        false,
        false,
        false,
        false,
        false,
        false,
        false,
        false,
        false,
        false,
        true,
        false,
        false,
        false,
        false,
        false,
        false,
        false,
        false,
        false,
        false,
        false,
        false,
        false,
        true,
        false,
        false,
        false,
        false,
        false,
        false,
        false,
        true,
        true,
        false,
        false,
        false,
        false,
        false,
        false,
        false,
        false,
        false,
        false,
        false,
        false,
        false,
        false,
        false,
        false,
        false,
        false,
        true,
        false,
        false,
        false,
        false,
        false,
        true,
        true,
        false,
        false,
        false,
        false,
        false,
        false,
        false,
        false,
        false,
        false,
        false,
        false,
        false,
        false,
        false,
        false,
        false,
        false,
        false,
        false,
        true,
        false,
        false,
        false,
        false,
        false,
        false,
        false
    ]
}