{
    "model_name": "lasso",
    "results": {
        "train": {
            "mse": 0.012679871106968697,
            "pearson_corr": 0.9999997570583139,
            "pearson_corr_without_mean": 0.9999997574395347,
            "conf_matrix": [
                [
                    0.53,
                    0.0
                ],
                [
                    0.0,
                    0.47
                ]
            ],
            "mean_value": 6.404271683948291,
            "std_dev": 161.4852466825021,
            "skewness": 0.3197304568267544,
            "kurt": -0.1388792107871204,
            "vol": 161.6121888717258,
            "mean_over_vol": 0.03962740513979094,
            "pos_ratio": 0.47,
            "neg_ratio": 0.53,
            "pos_neg_ratio": 0.8867924528301886
        },
        "val": {
            "mse": 0.012679871106968697,
            "pearson_corr": 0.9999997570583139,
            "pearson_corr_without_mean": 0.9999997574395347,
            "conf_matrix": [
                [
                    0.53,
                    0.0
                ],
                [
                    0.0,
                    0.47
                ]
            ],
            "mean_value": 6.404271683948291,
            "std_dev": 161.4852466825021,
            "skewness": 0.3197304568267544,
            "kurt": -0.1388792107871204,
            "vol": 161.6121888717258,
            "mean_over_vol": 0.03962740513979094,
            "pos_ratio": 0.47,
            "neg_ratio": 0.53,
            "pos_neg_ratio": 0.8867924528301886
        },
        "test": {
            "mse": 0.012679871106968697,
            "pearson_corr": 0.9999997570583139,
            "pearson_corr_without_mean": 0.9999997574395347,
            "conf_matrix": [
                [
                    0.53,
                    0.0
                ],
                [
                    0.0,
                    0.47
                ]
            ],
            "mean_value": 6.404271683948291,
            "std_dev": 161.4852466825021,
            "skewness": 0.3197304568267544,
            "kurt": -0.1388792107871204,
            "vol": 161.6121888717258,
            "mean_over_vol": 0.03962740513979094,
            "pos_ratio": 0.47,
            "neg_ratio": 0.53,
            "pos_neg_ratio": 0.8867924528301886
        },
        "train_pos": {
            "mse": 0.013663417327432833,
            "pearson_corr": 0.9999994334929725,
            "pearson_corr_without_mean": 0.9999997906709283,
            "conf_matrix": [
                [
                    1.0
                ]
            ],
            "mean_value": 143.5080131262831,
            "std_dev": 109.5692967632977,
            "skewness": 0.7409855871195172,
            "kurt": -0.21486740965830275,
            "vol": 180.55464719762003,
            "mean_over_vol": 0.7948176098132285,
            "pos_ratio": 1.0,
            "neg_ratio": 0.0,
            "pos_neg_ratio": Infinity
        },
        "val_pos": {
            "mse": 0.013663417327432833,
            "pearson_corr": 0.9999994334929725,
            "pearson_corr_without_mean": 0.9999997906709283,
            "conf_matrix": [
                [
                    1.0
                ]
            ],
            "mean_value": 143.5080131262831,
            "std_dev": 109.5692967632977,
            "skewness": 0.7409855871195172,
            "kurt": -0.21486740965830275,
            "vol": 180.55464719762003,
            "mean_over_vol": 0.7948176098132285,
            "pos_ratio": 1.0,
            "neg_ratio": 0.0,
            "pos_neg_ratio": Infinity
        },
        "test_pos": {
            "mse": 0.013663417327432833,
            "pearson_corr": 0.9999994334929725,
            "pearson_corr_without_mean": 0.9999997906709283,
            "conf_matrix": [
                [
                    1.0
                ]
            ],
            "mean_value": 143.5080131262831,
            "std_dev": 109.5692967632977,
            "skewness": 0.7409855871195172,
            "kurt": -0.21486740965830275,
            "vol": 180.55464719762003,
            "mean_over_vol": 0.7948176098132285,
            "pos_ratio": 1.0,
            "neg_ratio": 0.0,
            "pos_neg_ratio": Infinity
        }
    },
    "selected_features": [
        true,
        true,
        true,
        true,
        true,
        true,
        true,
        true,
        true,
        true,
        true,
        true,
        true,
        true,
        true,
        true,
        true,
        true,
        true,
        true,
        true,
        true,
        true,
        true,
        true,
        true,
        true,
        true,
        true,
        true,
        true,
        true,
        true,
        true,
        true,
        true,
        true,
        true,
        true,
        true,
        true,
        true,
        true,
        true,
        true,
        true,
        true,
        true,
        true,
        true,
        true,
        true,
        true,
        true,
        true,
        true,
        true,
        true,
        true,
        true,
        true,
        true,
        true,
        true,
        true,
        true,
        true,
        true,
        true,
        true,
        true,
        true,
        true,
        true,
        true,
        true,
        true,
        true,
        true,
        true,
        true,
        true,
        true,
        true,
        true,
        true,
        true,
        true,
        true,
        true,
        true,
        true,
        true,
        true,
        true,
        true,
        true,
        true,
        true,
        true,
        true,
        true,
        true,
        true,
        true,
        true,
        true,
        true,
        true,
        true,
        true,
        true,
        true,
        true,
        true,
        true,
        true,
        true,
        true,
        true,
        true,
        true,
        true,
        true
    ]
}