{
    "model_name": "pca",
    "results": {
        "train": {
            "mse": 2290.2435714335834,
            "pearson_corr": 0.9755293474386444,
            "pearson_corr_without_mean": 0.9755556823814315,
            "conf_matrix": [
                [
                    481,
                    37
                ],
                [
                    36,
                    446
                ]
            ],
            "mean_value": -7.09981462387267,
            "std_dev": 212.3325899600267,
            "skewness": 0.060641966932067796,
            "kurt": 0.10205159328095936,
            "positive_count": 483,
            "negative_count": 517
        },
        "val": {
            "mse": 60573.36211073923,
            "pearson_corr": 0.02979908707399865,
            "pearson_corr_without_mean": 0.03276417789830368,
            "conf_matrix": [
                [
                    22,
                    22
                ],
                [
                    28,
                    28
                ]
            ],
            "mean_value": 7.688364323310192,
            "std_dev": 165.45994958948032,
            "skewness": 0.21688883555983648,
            "kurt": -0.32952713597070815,
            "positive_count": 50,
            "negative_count": 50
        },
        "test": {
            "mse": 60573.36211073923,
            "pearson_corr": 0.02979908707399865,
            "pearson_corr_without_mean": 0.03276417789830368,
            "conf_matrix": [
                [
                    22,
                    22
                ],
                [
                    28,
                    28
                ]
            ],
            "mean_value": 7.688364323310192,
            "std_dev": 165.45994958948032,
            "skewness": 0.21688883555983648,
            "kurt": -0.32952713597070815,
            "positive_count": 50,
            "negative_count": 50
        }
    },
    "args": {
        "target_column": "y1",
        "method": "pca",
        "method_params": "configs/pca.json",
        "regressor_name": "linear_regression",
        "regressor_params": "configs/linear_regression.json",
        "save_dir": "results/pca_LR_y1"
    }
}