{
    "model_name": "xgboost",
    "results": {
        "train": {
            "mse": 4385.526399483329,
            "pearson_corr": 0.9235194510451402,
            "pearson_corr_without_mean": 0.923681395629185,
            "conf_matrix": [
                [
                    0.51,
                    0.02
                ],
                [
                    0.02,
                    0.45
                ]
            ],
            "mean_value": 7.793733775007698,
            "std_dev": 159.45315703809263,
            "skewness": 0.3760008468808164,
            "kurt": 0.2353820470927923,
            "vol": 159.643514041662,
            "mean_over_vol": 0.04881960799844192,
            "pos_ratio": 0.47,
            "neg_ratio": 0.53,
            "pos_neg_ratio": 0.8867924528301886
        },
        "val": {
            "mse": 4385.526399483329,
            "pearson_corr": 0.9235194510451402,
            "pearson_corr_without_mean": 0.923681395629185,
            "conf_matrix": [
                [
                    0.51,
                    0.02
                ],
                [
                    0.02,
                    0.45
                ]
            ],
            "mean_value": 7.793733775007698,
            "std_dev": 159.45315703809263,
            "skewness": 0.3760008468808164,
            "kurt": 0.2353820470927923,
            "vol": 159.643514041662,
            "mean_over_vol": 0.04881960799844192,
            "pos_ratio": 0.47,
            "neg_ratio": 0.53,
            "pos_neg_ratio": 0.8867924528301886
        },
        "test": {
            "mse": 4385.526399483329,
            "pearson_corr": 0.9235194510451402,
            "pearson_corr_without_mean": 0.923681395629185,
            "conf_matrix": [
                [
                    0.51,
                    0.02
                ],
                [
                    0.02,
                    0.45
                ]
            ],
            "mean_value": 7.793733775007698,
            "std_dev": 159.45315703809263,
            "skewness": 0.3760008468808164,
            "kurt": 0.2353820470927923,
            "vol": 159.643514041662,
            "mean_over_vol": 0.04881960799844192,
            "pos_ratio": 0.47,
            "neg_ratio": 0.53,
            "pos_neg_ratio": 0.8867924528301886
        },
        "train_pos": {
            "mse": 4219.559602689276,
            "pearson_corr": 0.8434567096066705,
            "pearson_corr_without_mean": 0.9418320108993216,
            "conf_matrix": [
                [
                    0.0,
                    0.0425531914893617
                ],
                [
                    0.0,
                    0.9574468085106383
                ]
            ],
            "mean_value": 145.92091019575645,
            "std_dev": 105.16423524086167,
            "skewness": 1.2148294926439813,
            "kurt": 1.8419871652493178,
            "vol": 179.8678081429618,
            "mean_over_vol": 0.8112675175302976,
            "pos_ratio": 1.0,
            "neg_ratio": 0.0,
            "pos_neg_ratio": Infinity
        },
        "val_pos": {
            "mse": 4219.559602689276,
            "pearson_corr": 0.8434567096066705,
            "pearson_corr_without_mean": 0.9418320108993216,
            "conf_matrix": [
                [
                    0.0,
                    0.0425531914893617
                ],
                [
                    0.0,
                    0.9574468085106383
                ]
            ],
            "mean_value": 145.92091019575645,
            "std_dev": 105.16423524086167,
            "skewness": 1.2148294926439813,
            "kurt": 1.8419871652493178,
            "vol": 179.8678081429618,
            "mean_over_vol": 0.8112675175302976,
            "pos_ratio": 1.0,
            "neg_ratio": 0.0,
            "pos_neg_ratio": Infinity
        },
        "test_pos": {
            "mse": 4219.559602689276,
            "pearson_corr": 0.8434567096066705,
            "pearson_corr_without_mean": 0.9418320108993216,
            "conf_matrix": [
                [
                    0.0,
                    0.0425531914893617
                ],
                [
                    0.0,
                    0.9574468085106383
                ]
            ],
            "mean_value": 145.92091019575645,
            "std_dev": 105.16423524086167,
            "skewness": 1.2148294926439813,
            "kurt": 1.8419871652493178,
            "vol": 179.8678081429618,
            "mean_over_vol": 0.8112675175302976,
            "pos_ratio": 1.0,
            "neg_ratio": 0.0,
            "pos_neg_ratio": Infinity
        }
    },
    "args": {
        "target_column": "y2",
        "model_name": "xgboost",
        "regressor_name": "linear_regression",
        "regressor_params": "configs/linear_regression.json",
        "model_params": "configs/xgboost.json",
        "threshold": "1.25*mean",
        "save_dir": "results/xgboost_LR_y2"
    },
    "selected_features": [
        false,
        false,
        false,
        false,
        false,
        false,
        false,
        false,
        false,
        false,
        false,
        true,
        false,
        false,
        true,
        false,
        false,
        true,
        false,
        false,
        true,
        false,
        false,
        false,
        false,
        true,
        false,
        true,
        false,
        false,
        false,
        false,
        false,
        false,
        false,
        false,
        false,
        false,
        false,
        false,
        false,
        false,
        false,
        true,
        false,
        false,
        true,
        false,
        false,
        false,
        false,
        false,
        true,
        false,
        false,
        true,
        false,
        false,
        false,
        false,
        false,
        false,
        false,
        false,
        false,
        true,
        false,
        true,
        false,
        true,
        false,
        true,
        false,
        false,
        false,
        false,
        true,
        false,
        false,
        false,
        false,
        false,
        false,
        false,
        true,
        false,
        false,
        false,
        false,
        false,
        false,
        true,
        false,
        false,
        false,
        true,
        false,
        false,
        true,
        true,
        false,
        false,
        false,
        false,
        false,
        false,
        false,
        true,
        false,
        false,
        true,
        false,
        false,
        false,
        false,
        false,
        false,
        false,
        false,
        false,
        false,
        false,
        true,
        true
    ]
}