{
    "model_name": "xgboost",
    "results": {
        "train": {
            "mse": 1581.7356349995455,
            "pearson_corr": 0.9691991714855008,
            "pearson_corr_without_mean": 0.9692483044702277,
            "conf_matrix": [
                [
                    0.46,
                    0.07
                ],
                [
                    0.05,
                    0.42
                ]
            ],
            "mean_value": 6.4042716839483,
            "std_dev": 156.51427798366154,
            "skewness": 0.3085059965602644,
            "kurt": -0.3361559648431509,
            "vol": 156.64524859870056,
            "mean_over_vol": 0.04088391918196634,
            "pos_ratio": 0.49,
            "neg_ratio": 0.51,
            "pos_neg_ratio": 0.9607843137254901
        },
        "val": {
            "mse": 1581.7356349995455,
            "pearson_corr": 0.9691991714855008,
            "pearson_corr_without_mean": 0.9692483044702277,
            "conf_matrix": [
                [
                    0.46,
                    0.07
                ],
                [
                    0.05,
                    0.42
                ]
            ],
            "mean_value": 6.4042716839483,
            "std_dev": 156.51427798366154,
            "skewness": 0.3085059965602644,
            "kurt": -0.3361559648431509,
            "vol": 156.64524859870056,
            "mean_over_vol": 0.04088391918196634,
            "pos_ratio": 0.49,
            "neg_ratio": 0.51,
            "pos_neg_ratio": 0.9607843137254901
        },
        "test": {
            "mse": 1581.7356349995455,
            "pearson_corr": 0.9691991714855008,
            "pearson_corr_without_mean": 0.9692483044702277,
            "conf_matrix": [
                [
                    0.46,
                    0.07
                ],
                [
                    0.05,
                    0.42
                ]
            ],
            "mean_value": 6.4042716839483,
            "std_dev": 156.51427798366154,
            "skewness": 0.3085059965602644,
            "kurt": -0.3361559648431509,
            "vol": 156.64524859870056,
            "mean_over_vol": 0.04088391918196634,
            "pos_ratio": 0.49,
            "neg_ratio": 0.51,
            "pos_neg_ratio": 0.9607843137254901
        },
        "train_pos": {
            "mse": 1296.1809152339476,
            "pearson_corr": 0.9559118923414726,
            "pearson_corr_without_mean": 0.9791445795963826,
            "conf_matrix": [
                [
                    0.0,
                    0.14285714285714285
                ],
                [
                    0.0,
                    0.8571428571428571
                ]
            ],
            "mean_value": 137.72296771086553,
            "std_dev": 101.40194731662349,
            "skewness": 0.7813991711040595,
            "kurt": 0.18532798442108112,
            "vol": 171.02622826540784,
            "mean_over_vol": 0.8052739577296852,
            "pos_ratio": 1.0,
            "neg_ratio": 0.0,
            "pos_neg_ratio": Infinity
        },
        "val_pos": {
            "mse": 1296.1809152339476,
            "pearson_corr": 0.9559118923414726,
            "pearson_corr_without_mean": 0.9791445795963826,
            "conf_matrix": [
                [
                    0.0,
                    0.14285714285714285
                ],
                [
                    0.0,
                    0.8571428571428571
                ]
            ],
            "mean_value": 137.72296771086553,
            "std_dev": 101.40194731662349,
            "skewness": 0.7813991711040595,
            "kurt": 0.18532798442108112,
            "vol": 171.02622826540784,
            "mean_over_vol": 0.8052739577296852,
            "pos_ratio": 1.0,
            "neg_ratio": 0.0,
            "pos_neg_ratio": Infinity
        },
        "test_pos": {
            "mse": 1296.1809152339476,
            "pearson_corr": 0.9559118923414726,
            "pearson_corr_without_mean": 0.9791445795963826,
            "conf_matrix": [
                [
                    0.0,
                    0.14285714285714285
                ],
                [
                    0.0,
                    0.8571428571428571
                ]
            ],
            "mean_value": 137.72296771086553,
            "std_dev": 101.40194731662349,
            "skewness": 0.7813991711040595,
            "kurt": 0.18532798442108112,
            "vol": 171.02622826540784,
            "mean_over_vol": 0.8052739577296852,
            "pos_ratio": 1.0,
            "neg_ratio": 0.0,
            "pos_neg_ratio": Infinity
        }
    },
    "args": {
        "target_column": "y3",
        "model_name": "xgboost",
        "regressor_name": "linear_regression",
        "regressor_params": "configs/linear_regression.json",
        "model_params": "configs/xgboost.json",
        "threshold": "1.25*mean",
        "save_dir": "results/xgboost_LR_y3"
    },
    "selected_features": [
        false,
        false,
        false,
        false,
        false,
        false,
        false,
        false,
        false,
        false,
        false,
        false,
        false,
        false,
        true,
        false,
        true,
        false,
        false,
        false,
        true,
        false,
        true,
        false,
        false,
        true,
        false,
        true,
        false,
        false,
        true,
        false,
        true,
        false,
        true,
        false,
        true,
        false,
        true,
        false,
        false,
        false,
        false,
        false,
        false,
        false,
        true,
        false,
        true,
        false,
        false,
        false,
        false,
        false,
        true,
        true,
        false,
        true,
        false,
        false,
        false,
        false,
        false,
        false,
        false,
        false,
        false,
        true,
        false,
        true,
        false,
        false,
        false,
        false,
        false,
        false,
        false,
        true,
        false,
        false,
        false,
        false,
        false,
        false,
        true,
        false,
        false,
        false,
        false,
        true,
        false,
        false,
        false,
        false,
        true,
        true,
        false,
        false,
        false,
        false,
        false,
        false,
        false,
        false,
        false,
        false,
        false,
        false,
        false,
        true,
        false,
        false,
        false,
        false,
        false,
        false,
        true,
        false,
        false,
        false,
        false,
        false,
        true,
        true
    ]
}