{
    "alpha_0.001": {
        "model_name": "lasso",
        "results": {
            "train": {
                "mse": 0.0033947743673700226,
                "pearson_corr": 0.9999999642498422,
                "pearson_corr_without_mean": 0.9999999642877567,
                "conf_matrix": [
                    [
                        518,
                        0
                    ],
                    [
                        0,
                        482
                    ]
                ],
                "mean_value": -7.09981462387265,
                "std_dev": 217.6561120903921,
                "skewness": 0.08141862333419855,
                "kurt": 0.07429020945071718,
                "positive_count": 482,
                "negative_count": 518
            },
            "val": {
                "mse": 95738.78720773563,
                "pearson_corr": -0.14571264925628719,
                "pearson_corr_without_mean": -0.14592265734483256,
                "conf_matrix": [
                    [
                        23,
                        21
                    ],
                    [
                        30,
                        26
                    ]
                ],
                "mean_value": -1.7766898740334052,
                "std_dev": 220.24427200487457,
                "skewness": 0.21312428098437616,
                "kurt": 0.3153975065210237,
                "positive_count": 47,
                "negative_count": 53
            },
            "test": {
                "mse": 95738.78720773563,
                "pearson_corr": -0.14571264925628719,
                "pearson_corr_without_mean": -0.14592265734483256,
                "conf_matrix": [
                    [
                        23,
                        21
                    ],
                    [
                        30,
                        26
                    ]
                ],
                "mean_value": -1.7766898740334052,
                "std_dev": 220.24427200487457,
                "skewness": 0.21312428098437616,
                "kurt": 0.3153975065210237,
                "positive_count": 47,
                "negative_count": 53
            }
        }
    },
    "alpha_0.01": {
        "model_name": "lasso",
        "results": {
            "train": {
                "mse": 0.0010537642153874765,
                "pearson_corr": 0.999999999040473,
                "pearson_corr_without_mean": 0.9999999990307007,
                "conf_matrix": [
                    [
                        518,
                        0
                    ],
                    [
                        0,
                        482
                    ]
                ],
                "mean_value": -7.099814623872659,
                "std_dev": 217.62781389973418,
                "skewness": 0.08139024728649018,
                "kurt": 0.07427182241970565,
                "positive_count": 482,
                "negative_count": 518
            },
            "val": {
                "mse": 105839.39018467902,
                "pearson_corr": -0.13385077903966008,
                "pearson_corr_without_mean": -0.1316912698493759,
                "conf_matrix": [
                    [
                        22,
                        22
                    ],
                    [
                        30,
                        26
                    ]
                ],
                "mean_value": 6.674074182817665,
                "std_dev": 242.1867254737348,
                "skewness": 0.2394941822552997,
                "kurt": -0.31093215249482054,
                "positive_count": 48,
                "negative_count": 52
            },
            "test": {
                "mse": 105839.39018467902,
                "pearson_corr": -0.13385077903966008,
                "pearson_corr_without_mean": -0.1316912698493759,
                "conf_matrix": [
                    [
                        22,
                        22
                    ],
                    [
                        30,
                        26
                    ]
                ],
                "mean_value": 6.674074182817665,
                "std_dev": 242.1867254737348,
                "skewness": 0.2394941822552997,
                "kurt": -0.31093215249482054,
                "positive_count": 48,
                "negative_count": 52
            }
        }
    },
    "alpha_0.1": {
        "model_name": "lasso",
        "results": {
            "train": {
                "mse": 0.10535976285508053,
                "pearson_corr": 0.9999999031451077,
                "pearson_corr_without_mean": 0.9999999021671924,
                "conf_matrix": [
                    [
                        518,
                        0
                    ],
                    [
                        0,
                        482
                    ]
                ],
                "mean_value": -7.0998146238726605,
                "std_dev": 217.34868948230687,
                "skewness": 0.08143537880806617,
                "kurt": 0.07450448841489088,
                "positive_count": 482,
                "negative_count": 518
            },
            "val": {
                "mse": 105672.52944625124,
                "pearson_corr": -0.13384821854666934,
                "pearson_corr_without_mean": -0.13169005723440566,
                "conf_matrix": [
                    [
                        22,
                        22
                    ],
                    [
                        30,
                        26
                    ]
                ],
                "mean_value": 6.6608063916534554,
                "std_dev": 241.87449501452542,
                "skewness": 0.23937694115303465,
                "kurt": -0.3110446957588269,
                "positive_count": 48,
                "negative_count": 52
            },
            "test": {
                "mse": 105672.52944625124,
                "pearson_corr": -0.13384821854666934,
                "pearson_corr_without_mean": -0.13169005723440566,
                "conf_matrix": [
                    [
                        22,
                        22
                    ],
                    [
                        30,
                        26
                    ]
                ],
                "mean_value": 6.6608063916534554,
                "std_dev": 241.87449501452542,
                "skewness": 0.23937694115303465,
                "kurt": -0.3110446957588269,
                "positive_count": 48,
                "negative_count": 52
            }
        }
    }
}