{
    "model_name": "lasso",
    "results": {
        "train": {
            "mse": 0.1352750639965312,
            "pearson_corr": 0.9999993684687688,
            "pearson_corr_without_mean": 0.999999363100881,
            "conf_matrix": [
                [
                    0.55,
                    0.0
                ],
                [
                    0.0,
                    0.45
                ]
            ],
            "mean_value": 15.578360145751951,
            "std_dev": 182.86572938272636,
            "skewness": 0.3772414362663119,
            "kurt": 0.1484301816241782,
            "vol": 183.52809127626008,
            "mean_over_vol": 0.08488270126616339,
            "pos_ratio": 0.45,
            "neg_ratio": 0.55,
            "pos_neg_ratio": 0.8181818181818181
        },
        "val": {
            "mse": 0.1352750639965312,
            "pearson_corr": 0.9999993684687688,
            "pearson_corr_without_mean": 0.999999363100881,
            "conf_matrix": [
                [
                    0.55,
                    0.0
                ],
                [
                    0.0,
                    0.45
                ]
            ],
            "mean_value": 15.578360145751951,
            "std_dev": 182.86572938272636,
            "skewness": 0.3772414362663119,
            "kurt": 0.1484301816241782,
            "vol": 183.52809127626008,
            "mean_over_vol": 0.08488270126616339,
            "pos_ratio": 0.45,
            "neg_ratio": 0.55,
            "pos_neg_ratio": 0.8181818181818181
        },
        "test": {
            "mse": 0.1352750639965312,
            "pearson_corr": 0.9999993684687688,
            "pearson_corr_without_mean": 0.999999363100881,
            "conf_matrix": [
                [
                    0.55,
                    0.0
                ],
                [
                    0.0,
                    0.45
                ]
            ],
            "mean_value": 15.578360145751951,
            "std_dev": 182.86572938272636,
            "skewness": 0.3772414362663119,
            "kurt": 0.1484301816241782,
            "vol": 183.52809127626008,
            "mean_over_vol": 0.08488270126616339,
            "pos_ratio": 0.45,
            "neg_ratio": 0.55,
            "pos_neg_ratio": 0.8181818181818181
        },
        "train_pos": {
            "mse": 0.15950070706934558,
            "pearson_corr": 0.9999987361942917,
            "pearson_corr_without_mean": 0.9999995323638564,
            "conf_matrix": [
                [
                    1.0
                ]
            ],
            "mean_value": 173.32698698414444,
            "std_dev": 132.73180402121196,
            "skewness": 0.6479858370545438,
            "kurt": -0.4911211431688365,
            "vol": 218.31164929001656,
            "mean_over_vol": 0.7939429139389985,
            "pos_ratio": 1.0,
            "neg_ratio": 0.0,
            "pos_neg_ratio": Infinity
        },
        "val_pos": {
            "mse": 0.15950070706934558,
            "pearson_corr": 0.9999987361942917,
            "pearson_corr_without_mean": 0.9999995323638564,
            "conf_matrix": [
                [
                    1.0
                ]
            ],
            "mean_value": 173.32698698414444,
            "std_dev": 132.73180402121196,
            "skewness": 0.6479858370545438,
            "kurt": -0.4911211431688365,
            "vol": 218.31164929001656,
            "mean_over_vol": 0.7939429139389985,
            "pos_ratio": 1.0,
            "neg_ratio": 0.0,
            "pos_neg_ratio": Infinity
        },
        "test_pos": {
            "mse": 0.15950070706934558,
            "pearson_corr": 0.9999987361942917,
            "pearson_corr_without_mean": 0.9999995323638564,
            "conf_matrix": [
                [
                    1.0
                ]
            ],
            "mean_value": 173.32698698414444,
            "std_dev": 132.73180402121196,
            "skewness": 0.6479858370545438,
            "kurt": -0.4911211431688365,
            "vol": 218.31164929001656,
            "mean_over_vol": 0.7939429139389985,
            "pos_ratio": 1.0,
            "neg_ratio": 0.0,
            "pos_neg_ratio": Infinity
        }
    },
    "selected_features": [
        false,
        false,
        false,
        false,
        false,
        false,
        false,
        false,
        false,
        false,
        false,
        false,
        false,
        false,
        false,
        false,
        true,
        false,
        false,
        false,
        true,
        false,
        false,
        false,
        false,
        true,
        false,
        false,
        false,
        false,
        false,
        false,
        false,
        false,
        false,
        false,
        false,
        false,
        false,
        false,
        false,
        false,
        false,
        false,
        false,
        false,
        true,
        false,
        false,
        false,
        false,
        false,
        false,
        false,
        false,
        false,
        false,
        false,
        false,
        false,
        true,
        false,
        false,
        false,
        false,
        false,
        false,
        false,
        true,
        true,
        false,
        false,
        false,
        false,
        false,
        false,
        false,
        false,
        false,
        false,
        false,
        false,
        false,
        false,
        false,
        false,
        false,
        false,
        true,
        false,
        false,
        false,
        false,
        false,
        true,
        true,
        false,
        false,
        false,
        false,
        false,
        false,
        false,
        false,
        false,
        false,
        false,
        false,
        false,
        false,
        false,
        false,
        false,
        false,
        false,
        false,
        true,
        false,
        false,
        false,
        false,
        false,
        false,
        false
    ]
}