{
    "model_name": "linear_regression",
    "results": {
        "train": {
            "mse": 1.7419078102849834e-25,
            "pearson_corr": 1.0,
            "pearson_corr_without_mean": 1.0,
            "conf_matrix": [
                [
                    0.55,
                    0.0
                ],
                [
                    0.0,
                    0.45
                ]
            ],
            "mean_value": 15.57836014575195,
            "std_dev": 183.17063590714776,
            "skewness": 0.3767496813454293,
            "kurt": 0.14772796768230823,
            "vol": 183.83189919994746,
            "mean_over_vol": 0.08474242073084344,
            "pos_ratio": 0.45,
            "neg_ratio": 0.55,
            "pos_neg_ratio": 0.8181818181818181
        },
        "val": {
            "mse": 1.7419078102849834e-25,
            "pearson_corr": 1.0,
            "pearson_corr_without_mean": 1.0,
            "conf_matrix": [
                [
                    0.55,
                    0.0
                ],
                [
                    0.0,
                    0.45
                ]
            ],
            "mean_value": 15.57836014575195,
            "std_dev": 183.17063590714776,
            "skewness": 0.3767496813454293,
            "kurt": 0.14772796768230823,
            "vol": 183.83189919994746,
            "mean_over_vol": 0.08474242073084344,
            "pos_ratio": 0.45,
            "neg_ratio": 0.55,
            "pos_neg_ratio": 0.8181818181818181
        },
        "test": {
            "mse": 1.7419078102849834e-25,
            "pearson_corr": 1.0,
            "pearson_corr_without_mean": 1.0,
            "conf_matrix": [
                [
                    0.55,
                    0.0
                ],
                [
                    0.0,
                    0.45
                ]
            ],
            "mean_value": 15.57836014575195,
            "std_dev": 183.17063590714776,
            "skewness": 0.3767496813454293,
            "kurt": 0.14772796768230823,
            "vol": 183.83189919994746,
            "mean_over_vol": 0.08474242073084344,
            "pos_ratio": 0.45,
            "neg_ratio": 0.55,
            "pos_neg_ratio": 0.8181818181818181
        },
        "train_pos": {
            "mse": 1.6587935715788572e-25,
            "pearson_corr": 1.0,
            "pearson_corr_without_mean": 1.0000000000000002,
            "conf_matrix": [
                [
                    1.0
                ]
            ],
            "mean_value": 173.60019169135865,
            "std_dev": 132.93245744603348,
            "skewness": 0.6470003858962967,
            "kurt": -0.4933972974575953,
            "vol": 218.65055407640287,
            "mean_over_vol": 0.7939618192355354,
            "pos_ratio": 1.0,
            "neg_ratio": 0.0,
            "pos_neg_ratio": Infinity
        },
        "val_pos": {
            "mse": 1.6587935715788572e-25,
            "pearson_corr": 1.0,
            "pearson_corr_without_mean": 1.0000000000000002,
            "conf_matrix": [
                [
                    1.0
                ]
            ],
            "mean_value": 173.60019169135865,
            "std_dev": 132.93245744603348,
            "skewness": 0.6470003858962967,
            "kurt": -0.4933972974575953,
            "vol": 218.65055407640287,
            "mean_over_vol": 0.7939618192355354,
            "pos_ratio": 1.0,
            "neg_ratio": 0.0,
            "pos_neg_ratio": Infinity
        },
        "test_pos": {
            "mse": 1.6587935715788572e-25,
            "pearson_corr": 1.0,
            "pearson_corr_without_mean": 1.0000000000000002,
            "conf_matrix": [
                [
                    1.0
                ]
            ],
            "mean_value": 173.60019169135865,
            "std_dev": 132.93245744603348,
            "skewness": 0.6470003858962967,
            "kurt": -0.4933972974575953,
            "vol": 218.65055407640287,
            "mean_over_vol": 0.7939618192355354,
            "pos_ratio": 1.0,
            "neg_ratio": 0.0,
            "pos_neg_ratio": Infinity
        }
    },
    "selected_features": [
        true,
        true,
        true,
        true,
        true,
        true,
        true,
        true,
        true,
        false,
        false,
        true,
        true,
        true,
        false,
        true,
        true,
        true,
        true,
        true,
        true,
        true,
        true,
        true,
        true,
        true,
        true,
        true,
        true,
        true,
        true,
        true,
        true,
        true,
        false,
        true,
        true,
        true,
        true,
        true,
        true,
        true,
        false,
        true,
        true,
        true,
        true,
        true,
        true,
        true,
        true,
        true,
        true,
        false,
        true,
        true,
        true,
        true,
        true,
        false,
        true,
        true,
        true,
        true,
        true,
        true,
        true,
        true,
        true,
        true,
        true,
        true,
        true,
        true,
        true,
        true,
        true,
        false,
        true,
        true,
        true,
        true,
        false,
        true,
        true,
        true,
        true,
        true,
        true,
        false,
        true,
        true,
        true,
        true,
        true,
        true,
        false,
        true,
        true,
        true,
        true,
        false,
        true,
        true,
        true,
        true,
        true,
        true,
        true,
        true,
        true,
        true,
        true,
        true,
        true,
        true,
        true,
        true,
        false,
        true,
        true,
        true,
        true,
        true
    ]
}