{
    "model_name": "linear_regression",
    "results": {
        "train": {
            "mse": 1.8998356582376892e-26,
            "pearson_corr": 1.0,
            "pearson_corr_without_mean": 1.0000000000000002,
            "conf_matrix": [
                [
                    0.55,
                    0.0
                ],
                [
                    0.0,
                    0.45
                ]
            ],
            "mean_value": 15.578360145751953,
            "std_dev": 183.17063590714776,
            "skewness": 0.3767496813454289,
            "kurt": 0.14772796768230778,
            "vol": 183.83189919994743,
            "mean_over_vol": 0.08474242073084347,
            "pos_ratio": 0.45,
            "neg_ratio": 0.55,
            "pos_neg_ratio": 0.8181818181818181
        },
        "val": {
            "mse": 1.8998356582376892e-26,
            "pearson_corr": 1.0,
            "pearson_corr_without_mean": 1.0000000000000002,
            "conf_matrix": [
                [
                    0.55,
                    0.0
                ],
                [
                    0.0,
                    0.45
                ]
            ],
            "mean_value": 15.578360145751953,
            "std_dev": 183.17063590714776,
            "skewness": 0.3767496813454289,
            "kurt": 0.14772796768230778,
            "vol": 183.83189919994743,
            "mean_over_vol": 0.08474242073084347,
            "pos_ratio": 0.45,
            "neg_ratio": 0.55,
            "pos_neg_ratio": 0.8181818181818181
        },
        "test": {
            "mse": 1.8998356582376892e-26,
            "pearson_corr": 1.0,
            "pearson_corr_without_mean": 1.0000000000000002,
            "conf_matrix": [
                [
                    0.55,
                    0.0
                ],
                [
                    0.0,
                    0.45
                ]
            ],
            "mean_value": 15.578360145751953,
            "std_dev": 183.17063590714776,
            "skewness": 0.3767496813454289,
            "kurt": 0.14772796768230778,
            "vol": 183.83189919994743,
            "mean_over_vol": 0.08474242073084347,
            "pos_ratio": 0.45,
            "neg_ratio": 0.55,
            "pos_neg_ratio": 0.8181818181818181
        },
        "train_pos": {
            "mse": 1.34835611968843e-26,
            "pearson_corr": 1.0,
            "pearson_corr_without_mean": 1.0000000000000002,
            "conf_matrix": [
                [
                    1.0
                ]
            ],
            "mean_value": 173.60019169135865,
            "std_dev": 132.93245744603337,
            "skewness": 0.6470003858962997,
            "kurt": -0.49339729745758953,
            "vol": 218.6505540764028,
            "mean_over_vol": 0.7939618192355357,
            "pos_ratio": 1.0,
            "neg_ratio": 0.0,
            "pos_neg_ratio": Infinity
        },
        "val_pos": {
            "mse": 1.34835611968843e-26,
            "pearson_corr": 1.0,
            "pearson_corr_without_mean": 1.0000000000000002,
            "conf_matrix": [
                [
                    1.0
                ]
            ],
            "mean_value": 173.60019169135865,
            "std_dev": 132.93245744603337,
            "skewness": 0.6470003858962997,
            "kurt": -0.49339729745758953,
            "vol": 218.6505540764028,
            "mean_over_vol": 0.7939618192355357,
            "pos_ratio": 1.0,
            "neg_ratio": 0.0,
            "pos_neg_ratio": Infinity
        },
        "test_pos": {
            "mse": 1.34835611968843e-26,
            "pearson_corr": 1.0,
            "pearson_corr_without_mean": 1.0000000000000002,
            "conf_matrix": [
                [
                    1.0
                ]
            ],
            "mean_value": 173.60019169135865,
            "std_dev": 132.93245744603337,
            "skewness": 0.6470003858962997,
            "kurt": -0.49339729745758953,
            "vol": 218.6505540764028,
            "mean_over_vol": 0.7939618192355357,
            "pos_ratio": 1.0,
            "neg_ratio": 0.0,
            "pos_neg_ratio": Infinity
        }
    },
    "selected_features": [
        false,
        false,
        false,
        false,
        false,
        false,
        false,
        false,
        false,
        false,
        false,
        false,
        false,
        false,
        false,
        false,
        true,
        false,
        false,
        false,
        true,
        false,
        false,
        false,
        false,
        true,
        false,
        false,
        false,
        false,
        false,
        false,
        false,
        false,
        false,
        false,
        false,
        false,
        false,
        false,
        false,
        false,
        false,
        false,
        false,
        false,
        true,
        false,
        false,
        false,
        false,
        false,
        false,
        false,
        false,
        false,
        false,
        false,
        false,
        false,
        true,
        false,
        false,
        false,
        false,
        false,
        false,
        false,
        true,
        true,
        false,
        false,
        false,
        false,
        false,
        false,
        false,
        false,
        false,
        false,
        false,
        false,
        false,
        false,
        false,
        false,
        false,
        false,
        true,
        false,
        false,
        false,
        false,
        false,
        true,
        true,
        false,
        false,
        false,
        false,
        false,
        false,
        false,
        false,
        false,
        false,
        false,
        false,
        false,
        false,
        false,
        false,
        false,
        false,
        false,
        false,
        true,
        false,
        false,
        false,
        false,
        false,
        false,
        false
    ]
}