{
    "model_name": "lasso",
    "results": {
        "train": {
            "mse": 0.04039876463609545,
            "pearson_corr": 0.9999994229720579,
            "pearson_corr_without_mean": 0.9999994269374374,
            "conf_matrix": [
                [
                    0.55,
                    0.0
                ],
                [
                    0.0,
                    0.45
                ]
            ],
            "mean_value": 15.578360145751956,
            "std_dev": 183.12956082470376,
            "skewness": 0.37674021509759176,
            "kurt": 0.14623519629636172,
            "vol": 183.79097190199423,
            "mean_over_vol": 0.08476129150706625,
            "pos_ratio": 0.45,
            "neg_ratio": 0.55,
            "pos_neg_ratio": 0.8181818181818181
        },
        "val": {
            "mse": 0.04039876463609545,
            "pearson_corr": 0.9999994229720579,
            "pearson_corr_without_mean": 0.9999994269374374,
            "conf_matrix": [
                [
                    0.55,
                    0.0
                ],
                [
                    0.0,
                    0.45
                ]
            ],
            "mean_value": 15.578360145751956,
            "std_dev": 183.12956082470376,
            "skewness": 0.37674021509759176,
            "kurt": 0.14623519629636172,
            "vol": 183.79097190199423,
            "mean_over_vol": 0.08476129150706625,
            "pos_ratio": 0.45,
            "neg_ratio": 0.55,
            "pos_neg_ratio": 0.8181818181818181
        },
        "test": {
            "mse": 0.04039876463609545,
            "pearson_corr": 0.9999994229720579,
            "pearson_corr_without_mean": 0.9999994269374374,
            "conf_matrix": [
                [
                    0.55,
                    0.0
                ],
                [
                    0.0,
                    0.45
                ]
            ],
            "mean_value": 15.578360145751956,
            "std_dev": 183.12956082470376,
            "skewness": 0.37674021509759176,
            "kurt": 0.14623519629636172,
            "vol": 183.79097190199423,
            "mean_over_vol": 0.08476129150706625,
            "pos_ratio": 0.45,
            "neg_ratio": 0.55,
            "pos_neg_ratio": 0.8181818181818181
        },
        "train_pos": {
            "mse": 0.03656301022363113,
            "pearson_corr": 0.9999990417139607,
            "pearson_corr_without_mean": 0.9999996387186412,
            "conf_matrix": [
                [
                    1.0
                ]
            ],
            "mean_value": 173.58032657830762,
            "std_dev": 132.88436564232984,
            "skewness": 0.6463440086029568,
            "kurt": -0.4952025347994491,
            "vol": 218.60554523432458,
            "mean_over_vol": 0.7940344166121031,
            "pos_ratio": 1.0,
            "neg_ratio": 0.0,
            "pos_neg_ratio": Infinity
        },
        "val_pos": {
            "mse": 0.03656301022363113,
            "pearson_corr": 0.9999990417139607,
            "pearson_corr_without_mean": 0.9999996387186412,
            "conf_matrix": [
                [
                    1.0
                ]
            ],
            "mean_value": 173.58032657830762,
            "std_dev": 132.88436564232984,
            "skewness": 0.6463440086029568,
            "kurt": -0.4952025347994491,
            "vol": 218.60554523432458,
            "mean_over_vol": 0.7940344166121031,
            "pos_ratio": 1.0,
            "neg_ratio": 0.0,
            "pos_neg_ratio": Infinity
        },
        "test_pos": {
            "mse": 0.03656301022363113,
            "pearson_corr": 0.9999990417139607,
            "pearson_corr_without_mean": 0.9999996387186412,
            "conf_matrix": [
                [
                    1.0
                ]
            ],
            "mean_value": 173.58032657830762,
            "std_dev": 132.88436564232984,
            "skewness": 0.6463440086029568,
            "kurt": -0.4952025347994491,
            "vol": 218.60554523432458,
            "mean_over_vol": 0.7940344166121031,
            "pos_ratio": 1.0,
            "neg_ratio": 0.0,
            "pos_neg_ratio": Infinity
        }
    },
    "selected_features": [
        true,
        true,
        true,
        true,
        true,
        true,
        true,
        true,
        true,
        false,
        false,
        true,
        true,
        true,
        false,
        true,
        true,
        true,
        true,
        true,
        true,
        true,
        true,
        true,
        true,
        true,
        true,
        true,
        true,
        true,
        true,
        true,
        true,
        true,
        false,
        true,
        true,
        true,
        true,
        true,
        true,
        true,
        false,
        true,
        true,
        true,
        true,
        true,
        true,
        true,
        true,
        true,
        true,
        false,
        true,
        true,
        true,
        true,
        true,
        false,
        true,
        true,
        true,
        true,
        true,
        true,
        true,
        true,
        true,
        true,
        true,
        true,
        true,
        true,
        true,
        true,
        true,
        false,
        true,
        true,
        true,
        true,
        false,
        true,
        true,
        true,
        true,
        true,
        true,
        false,
        true,
        true,
        true,
        true,
        true,
        true,
        false,
        true,
        true,
        true,
        true,
        false,
        true,
        true,
        true,
        true,
        true,
        true,
        true,
        true,
        true,
        true,
        true,
        true,
        true,
        true,
        true,
        true,
        false,
        true,
        true,
        true,
        true,
        true
    ]
}