{
    "model_name": "linear_regression",
    "results": {
        "train": {
            "mse": 2.8397286922767917e-25,
            "pearson_corr": 1.0,
            "pearson_corr_without_mean": 1.0,
            "conf_matrix": [
                [
                    0.55,
                    0.0
                ],
                [
                    0.0,
                    0.45
                ]
            ],
            "mean_value": 15.57836014575195,
            "std_dev": 183.1706359071478,
            "skewness": 0.37674968134543085,
            "kurt": 0.14772796768230867,
            "vol": 183.83189919994746,
            "mean_over_vol": 0.08474242073084344,
            "pos_ratio": 0.45,
            "neg_ratio": 0.55,
            "pos_neg_ratio": 0.8181818181818181
        },
        "val": {
            "mse": 2.8397286922767917e-25,
            "pearson_corr": 1.0,
            "pearson_corr_without_mean": 1.0,
            "conf_matrix": [
                [
                    0.55,
                    0.0
                ],
                [
                    0.0,
                    0.45
                ]
            ],
            "mean_value": 15.57836014575195,
            "std_dev": 183.1706359071478,
            "skewness": 0.37674968134543085,
            "kurt": 0.14772796768230867,
            "vol": 183.83189919994746,
            "mean_over_vol": 0.08474242073084344,
            "pos_ratio": 0.45,
            "neg_ratio": 0.55,
            "pos_neg_ratio": 0.8181818181818181
        },
        "test": {
            "mse": 2.8397286922767917e-25,
            "pearson_corr": 1.0,
            "pearson_corr_without_mean": 1.0,
            "conf_matrix": [
                [
                    0.55,
                    0.0
                ],
                [
                    0.0,
                    0.45
                ]
            ],
            "mean_value": 15.57836014575195,
            "std_dev": 183.1706359071478,
            "skewness": 0.37674968134543085,
            "kurt": 0.14772796768230867,
            "vol": 183.83189919994746,
            "mean_over_vol": 0.08474242073084344,
            "pos_ratio": 0.45,
            "neg_ratio": 0.55,
            "pos_neg_ratio": 0.8181818181818181
        },
        "train_pos": {
            "mse": 2.4029383346434743e-25,
            "pearson_corr": 0.9999999999999999,
            "pearson_corr_without_mean": 1.0,
            "conf_matrix": [
                [
                    1.0
                ]
            ],
            "mean_value": 173.60019169135867,
            "std_dev": 132.93245744603357,
            "skewness": 0.6470003858962994,
            "kurt": -0.4933972974575913,
            "vol": 218.6505540764029,
            "mean_over_vol": 0.7939618192355354,
            "pos_ratio": 1.0,
            "neg_ratio": 0.0,
            "pos_neg_ratio": Infinity
        },
        "val_pos": {
            "mse": 2.4029383346434743e-25,
            "pearson_corr": 0.9999999999999999,
            "pearson_corr_without_mean": 1.0,
            "conf_matrix": [
                [
                    1.0
                ]
            ],
            "mean_value": 173.60019169135867,
            "std_dev": 132.93245744603357,
            "skewness": 0.6470003858962994,
            "kurt": -0.4933972974575913,
            "vol": 218.6505540764029,
            "mean_over_vol": 0.7939618192355354,
            "pos_ratio": 1.0,
            "neg_ratio": 0.0,
            "pos_neg_ratio": Infinity
        },
        "test_pos": {
            "mse": 2.4029383346434743e-25,
            "pearson_corr": 0.9999999999999999,
            "pearson_corr_without_mean": 1.0,
            "conf_matrix": [
                [
                    1.0
                ]
            ],
            "mean_value": 173.60019169135867,
            "std_dev": 132.93245744603357,
            "skewness": 0.6470003858962994,
            "kurt": -0.4933972974575913,
            "vol": 218.6505540764029,
            "mean_over_vol": 0.7939618192355354,
            "pos_ratio": 1.0,
            "neg_ratio": 0.0,
            "pos_neg_ratio": Infinity
        }
    },
    "selected_features": [
        true,
        true,
        true,
        true,
        true,
        true,
        true,
        true,
        true,
        true,
        true,
        true,
        true,
        true,
        true,
        true,
        true,
        true,
        true,
        true,
        true,
        true,
        true,
        true,
        true,
        true,
        true,
        true,
        true,
        true,
        true,
        true,
        true,
        true,
        true,
        true,
        true,
        true,
        true,
        true,
        true,
        true,
        true,
        true,
        true,
        true,
        true,
        true,
        true,
        true,
        true,
        true,
        true,
        true,
        true,
        true,
        true,
        true,
        true,
        true,
        true,
        true,
        true,
        true,
        true,
        true,
        true,
        true,
        true,
        true,
        true,
        true,
        true,
        true,
        true,
        true,
        true,
        true,
        true,
        true,
        true,
        true,
        true,
        true,
        true,
        true,
        true,
        true,
        true,
        true,
        true,
        true,
        true,
        true,
        true,
        true,
        true,
        true,
        true,
        true,
        true,
        true,
        true,
        true,
        true,
        true,
        true,
        true,
        true,
        true,
        true,
        true,
        true,
        true,
        true,
        true,
        true,
        true,
        true,
        true,
        true,
        true,
        true,
        true
    ]
}