{
    "model_name": "lasso",
    "results": {
        "train": {
            "mse": 0.014459600905788718,
            "pearson_corr": 0.9999997847327343,
            "pearson_corr_without_mean": 0.9999997862770849,
            "conf_matrix": [
                [
                    0.55,
                    0.0
                ],
                [
                    0.0,
                    0.45
                ]
            ],
            "mean_value": 15.57836014575195,
            "std_dev": 183.16678452853048,
            "skewness": 0.37640845151620017,
            "kurt": 0.14670055901824197,
            "vol": 183.82806167544678,
            "mean_over_vol": 0.08474418978129655,
            "pos_ratio": 0.45,
            "neg_ratio": 0.55,
            "pos_neg_ratio": 0.8181818181818181
        },
        "val": {
            "mse": 0.014459600905788718,
            "pearson_corr": 0.9999997847327343,
            "pearson_corr_without_mean": 0.9999997862770849,
            "conf_matrix": [
                [
                    0.55,
                    0.0
                ],
                [
                    0.0,
                    0.45
                ]
            ],
            "mean_value": 15.57836014575195,
            "std_dev": 183.16678452853048,
            "skewness": 0.37640845151620017,
            "kurt": 0.14670055901824197,
            "vol": 183.82806167544678,
            "mean_over_vol": 0.08474418978129655,
            "pos_ratio": 0.45,
            "neg_ratio": 0.55,
            "pos_neg_ratio": 0.8181818181818181
        },
        "test": {
            "mse": 0.014459600905788718,
            "pearson_corr": 0.9999997847327343,
            "pearson_corr_without_mean": 0.9999997862770849,
            "conf_matrix": [
                [
                    0.55,
                    0.0
                ],
                [
                    0.0,
                    0.45
                ]
            ],
            "mean_value": 15.57836014575195,
            "std_dev": 183.16678452853048,
            "skewness": 0.37640845151620017,
            "kurt": 0.14670055901824197,
            "vol": 183.82806167544678,
            "mean_over_vol": 0.08474418978129655,
            "pos_ratio": 0.45,
            "neg_ratio": 0.55,
            "pos_neg_ratio": 0.8181818181818181
        },
        "train_pos": {
            "mse": 0.014271657392082157,
            "pearson_corr": 0.999999608199083,
            "pearson_corr_without_mean": 0.9999998526764485,
            "conf_matrix": [
                [
                    1.0
                ]
            ],
            "mean_value": 173.59879461290714,
            "std_dev": 132.9118469025214,
            "skewness": 0.6464842863618585,
            "kurt": -0.4947256869738723,
            "vol": 218.63691485678626,
            "mean_over_vol": 0.7940049589824278,
            "pos_ratio": 1.0,
            "neg_ratio": 0.0,
            "pos_neg_ratio": Infinity
        },
        "val_pos": {
            "mse": 0.014271657392082157,
            "pearson_corr": 0.999999608199083,
            "pearson_corr_without_mean": 0.9999998526764485,
            "conf_matrix": [
                [
                    1.0
                ]
            ],
            "mean_value": 173.59879461290714,
            "std_dev": 132.9118469025214,
            "skewness": 0.6464842863618585,
            "kurt": -0.4947256869738723,
            "vol": 218.63691485678626,
            "mean_over_vol": 0.7940049589824278,
            "pos_ratio": 1.0,
            "neg_ratio": 0.0,
            "pos_neg_ratio": Infinity
        },
        "test_pos": {
            "mse": 0.014271657392082157,
            "pearson_corr": 0.999999608199083,
            "pearson_corr_without_mean": 0.9999998526764485,
            "conf_matrix": [
                [
                    1.0
                ]
            ],
            "mean_value": 173.59879461290714,
            "std_dev": 132.9118469025214,
            "skewness": 0.6464842863618585,
            "kurt": -0.4947256869738723,
            "vol": 218.63691485678626,
            "mean_over_vol": 0.7940049589824278,
            "pos_ratio": 1.0,
            "neg_ratio": 0.0,
            "pos_neg_ratio": Infinity
        }
    },
    "selected_features": [
        true,
        true,
        true,
        true,
        true,
        true,
        true,
        true,
        true,
        true,
        true,
        true,
        true,
        true,
        true,
        true,
        true,
        true,
        true,
        true,
        true,
        true,
        true,
        true,
        true,
        true,
        true,
        true,
        true,
        true,
        true,
        true,
        true,
        true,
        true,
        true,
        true,
        true,
        true,
        true,
        true,
        true,
        true,
        true,
        true,
        true,
        true,
        true,
        true,
        true,
        true,
        true,
        true,
        true,
        true,
        true,
        true,
        true,
        true,
        true,
        true,
        true,
        true,
        true,
        true,
        true,
        true,
        true,
        true,
        true,
        true,
        true,
        true,
        true,
        true,
        true,
        true,
        true,
        true,
        true,
        true,
        true,
        true,
        true,
        true,
        true,
        true,
        true,
        true,
        true,
        true,
        true,
        true,
        true,
        true,
        true,
        true,
        true,
        true,
        true,
        true,
        true,
        true,
        true,
        true,
        true,
        true,
        true,
        true,
        true,
        true,
        true,
        true,
        true,
        true,
        true,
        true,
        true,
        true,
        true,
        true,
        true,
        true,
        true
    ]
}