{
    "model_name": "linear_regression",
    "results": {
        "train": {
            "mse": 1.0814031532057745e-25,
            "pearson_corr": 0.9999999999999999,
            "pearson_corr_without_mean": 0.9999999999999999,
            "conf_matrix": [
                [
                    0.53,
                    0.0
                ],
                [
                    0.0,
                    0.47
                ]
            ],
            "mean_value": 6.404271683948291,
            "std_dev": 161.4882498751733,
            "skewness": 0.319680032135175,
            "kurt": -0.13896279241788,
            "vol": 161.61518970551077,
            "mean_over_vol": 0.03962666934721865,
            "pos_ratio": 0.47,
            "neg_ratio": 0.53,
            "pos_neg_ratio": 0.8867924528301886
        },
        "val": {
            "mse": 1.0814031532057745e-25,
            "pearson_corr": 0.9999999999999999,
            "pearson_corr_without_mean": 0.9999999999999999,
            "conf_matrix": [
                [
                    0.53,
                    0.0
                ],
                [
                    0.0,
                    0.47
                ]
            ],
            "mean_value": 6.404271683948291,
            "std_dev": 161.4882498751733,
            "skewness": 0.319680032135175,
            "kurt": -0.13896279241788,
            "vol": 161.61518970551077,
            "mean_over_vol": 0.03962666934721865,
            "pos_ratio": 0.47,
            "neg_ratio": 0.53,
            "pos_neg_ratio": 0.8867924528301886
        },
        "test": {
            "mse": 1.0814031532057745e-25,
            "pearson_corr": 0.9999999999999999,
            "pearson_corr_without_mean": 0.9999999999999999,
            "conf_matrix": [
                [
                    0.53,
                    0.0
                ],
                [
                    0.0,
                    0.47
                ]
            ],
            "mean_value": 6.404271683948291,
            "std_dev": 161.4882498751733,
            "skewness": 0.319680032135175,
            "kurt": -0.13896279241788,
            "vol": 161.61518970551077,
            "mean_over_vol": 0.03962666934721865,
            "pos_ratio": 0.47,
            "neg_ratio": 0.53,
            "pos_neg_ratio": 0.8867924528301886
        },
        "train_pos": {
            "mse": 8.922809999925226e-26,
            "pearson_corr": 1.0,
            "pearson_corr_without_mean": 1.0,
            "conf_matrix": [
                [
                    1.0
                ]
            ],
            "mean_value": 143.5152214849527,
            "std_dev": 109.56621162666058,
            "skewness": 0.7408811063348908,
            "kurt": -0.21525437987418305,
            "vol": 180.55850444687783,
            "mean_over_vol": 0.7948405527870128,
            "pos_ratio": 1.0,
            "neg_ratio": 0.0,
            "pos_neg_ratio": Infinity
        },
        "val_pos": {
            "mse": 8.922809999925226e-26,
            "pearson_corr": 1.0,
            "pearson_corr_without_mean": 1.0,
            "conf_matrix": [
                [
                    1.0
                ]
            ],
            "mean_value": 143.5152214849527,
            "std_dev": 109.56621162666058,
            "skewness": 0.7408811063348908,
            "kurt": -0.21525437987418305,
            "vol": 180.55850444687783,
            "mean_over_vol": 0.7948405527870128,
            "pos_ratio": 1.0,
            "neg_ratio": 0.0,
            "pos_neg_ratio": Infinity
        },
        "test_pos": {
            "mse": 8.922809999925226e-26,
            "pearson_corr": 1.0,
            "pearson_corr_without_mean": 1.0,
            "conf_matrix": [
                [
                    1.0
                ]
            ],
            "mean_value": 143.5152214849527,
            "std_dev": 109.56621162666058,
            "skewness": 0.7408811063348908,
            "kurt": -0.21525437987418305,
            "vol": 180.55850444687783,
            "mean_over_vol": 0.7948405527870128,
            "pos_ratio": 1.0,
            "neg_ratio": 0.0,
            "pos_neg_ratio": Infinity
        }
    },
    "args": {
        "target_column": "y3",
        "k": 100,
        "feature_selection": "mutual_info_regression",
        "save_dir": "results/mutual_info_regression_y1_LR",
        "regressor_name": "linear_regression",
        "regressor_params": "configs/linear_regression.json"
    },
    "selected_features": [
        true,
        false,
        false,
        false,
        true,
        true,
        true,
        true,
        false,
        false,
        false,
        false,
        false,
        false,
        true,
        false,
        true,
        true,
        false,
        true,
        false,
        true,
        false,
        false,
        true,
        true,
        false,
        true,
        false,
        false,
        true,
        false,
        false,
        false,
        false,
        true,
        true,
        false,
        true,
        true,
        true,
        false,
        true,
        false,
        true,
        true,
        true,
        true,
        true,
        true,
        true,
        true,
        true,
        true,
        true,
        true,
        true,
        true,
        true,
        true,
        true,
        true,
        true,
        true,
        true,
        true,
        true,
        true,
        true,
        true,
        true,
        true,
        true,
        true,
        true,
        true,
        true,
        true,
        true,
        true,
        true,
        true,
        true,
        true,
        true,
        true,
        true,
        true,
        true,
        true,
        true,
        true,
        true,
        true,
        true,
        true,
        true,
        true,
        true,
        true,
        true,
        true,
        true,
        true,
        true,
        true,
        true,
        true,
        true,
        true,
        true,
        true,
        true,
        true,
        true,
        true,
        true,
        true,
        true,
        true,
        true,
        true,
        true,
        true
    ]
}