{
    "model_name": "xgboost",
    "results": {
        "train": {
            "mse": 0.5672773468084863,
            "pearson_corr": 0.9999936985211905,
            "pearson_corr_without_mean": 0.9999936471426386,
            "conf_matrix": [
                [
                    0.53,
                    0.0
                ],
                [
                    0.0,
                    0.47
                ]
            ],
            "mean_value": 6.4226155281066895,
            "std_dev": 160.9990997314453,
            "skewness": 0.32308408635384306,
            "kurt": -0.14359062192094818,
            "vol": 161.1271514892578,
            "mean_over_vol": 0.03986054286360741,
            "pos_ratio": 0.47,
            "neg_ratio": 0.53,
            "pos_neg_ratio": 0.8867924528301886
        },
        "val": {
            "mse": 0.5672773468084863,
            "pearson_corr": 0.9999936985211905,
            "pearson_corr_without_mean": 0.9999936471426386,
            "conf_matrix": [
                [
                    0.53,
                    0.0
                ],
                [
                    0.0,
                    0.47
                ]
            ],
            "mean_value": 6.4226155281066895,
            "std_dev": 160.9990997314453,
            "skewness": 0.32308408635384306,
            "kurt": -0.14359062192094818,
            "vol": 161.1271514892578,
            "mean_over_vol": 0.03986054286360741,
            "pos_ratio": 0.47,
            "neg_ratio": 0.53,
            "pos_neg_ratio": 0.8867924528301886
        },
        "test": {
            "mse": 0.5672773468084863,
            "pearson_corr": 0.9999936985211905,
            "pearson_corr_without_mean": 0.9999936471426386,
            "conf_matrix": [
                [
                    0.53,
                    0.0
                ],
                [
                    0.0,
                    0.47
                ]
            ],
            "mean_value": 6.4226155281066895,
            "std_dev": 160.9990997314453,
            "skewness": 0.32308408635384306,
            "kurt": -0.14359062192094818,
            "vol": 161.1271514892578,
            "mean_over_vol": 0.03986054286360741,
            "pos_ratio": 0.47,
            "neg_ratio": 0.53,
            "pos_neg_ratio": 0.8867924528301886
        },
        "train_pos": {
            "mse": 0.522912175638599,
            "pearson_corr": 0.9999861010977621,
            "pearson_corr_without_mean": 0.9999948774365048,
            "conf_matrix": [
                [
                    1.0
                ]
            ],
            "mean_value": 143.16253662109375,
            "std_dev": 109.31007385253906,
            "skewness": 0.7394612610253467,
            "kurt": -0.2282471089596685,
            "vol": 180.1227569580078,
            "mean_over_vol": 0.7948054075241089,
            "pos_ratio": 1.0,
            "neg_ratio": 0.0,
            "pos_neg_ratio": Infinity
        },
        "val_pos": {
            "mse": 0.522912175638599,
            "pearson_corr": 0.9999861010977621,
            "pearson_corr_without_mean": 0.9999948774365048,
            "conf_matrix": [
                [
                    1.0
                ]
            ],
            "mean_value": 143.16253662109375,
            "std_dev": 109.31007385253906,
            "skewness": 0.7394612610253467,
            "kurt": -0.2282471089596685,
            "vol": 180.1227569580078,
            "mean_over_vol": 0.7948054075241089,
            "pos_ratio": 1.0,
            "neg_ratio": 0.0,
            "pos_neg_ratio": Infinity
        },
        "test_pos": {
            "mse": 0.522912175638599,
            "pearson_corr": 0.9999861010977621,
            "pearson_corr_without_mean": 0.9999948774365048,
            "conf_matrix": [
                [
                    1.0
                ]
            ],
            "mean_value": 143.16253662109375,
            "std_dev": 109.31007385253906,
            "skewness": 0.7394612610253467,
            "kurt": -0.2282471089596685,
            "vol": 180.1227569580078,
            "mean_over_vol": 0.7948054075241089,
            "pos_ratio": 1.0,
            "neg_ratio": 0.0,
            "pos_neg_ratio": Infinity
        }
    },
    "args": {
        "target_column": "y3",
        "k": 100,
        "feature_selection": "f_regression",
        "save_dir": "results/f_regression_y3_XG",
        "regressor_name": "xgboost",
        "regressor_params": "configs/xgboost.json"
    },
    "selected_features": [
        true,
        true,
        true,
        true,
        true,
        true,
        false,
        false,
        false,
        true,
        true,
        true,
        true,
        true,
        true,
        true,
        true,
        true,
        true,
        true,
        true,
        true,
        true,
        true,
        true,
        true,
        true,
        true,
        true,
        true,
        true,
        true,
        true,
        true,
        true,
        true,
        true,
        true,
        true,
        true,
        false,
        true,
        true,
        false,
        true,
        true,
        true,
        true,
        true,
        false,
        true,
        true,
        true,
        false,
        false,
        true,
        true,
        false,
        false,
        true,
        false,
        false,
        true,
        true,
        false,
        true,
        true,
        false,
        true,
        true,
        true,
        true,
        true,
        false,
        true,
        true,
        false,
        false,
        true,
        true,
        true,
        true,
        true,
        false,
        true,
        true,
        true,
        true,
        true,
        true,
        false,
        true,
        true,
        true,
        true,
        true,
        true,
        true,
        true,
        false,
        true,
        true,
        true,
        true,
        true,
        true,
        true,
        false,
        true,
        true,
        true,
        true,
        true,
        true,
        false,
        true,
        true,
        false,
        true,
        true,
        false,
        true,
        true,
        true
    ]
}