{
    "model_name": "ica",
    "results": {
        "train": {
            "mse": 8342.370524867156,
            "pearson_corr": 0.8810902092017697,
            "pearson_corr_without_mean": 0.880982472810209,
            "conf_matrix": [
                [
                    460,
                    62
                ],
                [
                    87,
                    391
                ]
            ],
            "mean_value": -4.052356719970703,
            "std_dev": 79.12151336669922,
            "skewness": 0.11419597290718711,
            "kurt": 0.845408235872132,
            "positive_count": 453,
            "negative_count": 547
        },
        "val": {
            "mse": 25151.013998653125,
            "pearson_corr": -0.029826413124430542,
            "pearson_corr_without_mean": -0.022064885650410225,
            "conf_matrix": [
                [
                    20,
                    29
                ],
                [
                    20,
                    31
                ]
            ],
            "mean_value": 7.148350238800049,
            "std_dev": 29.689130783081055,
            "skewness": 0.3148403004059746,
            "kurt": 0.008538164641528567,
            "positive_count": 60,
            "negative_count": 40
        },
        "test": {
            "mse": 25151.013998653125,
            "pearson_corr": -0.029826413124430542,
            "pearson_corr_without_mean": -0.022064885650410225,
            "conf_matrix": [
                [
                    20,
                    29
                ],
                [
                    20,
                    31
                ]
            ],
            "mean_value": 7.148350238800049,
            "std_dev": 29.689130783081055,
            "skewness": 0.3148403004059746,
            "kurt": 0.008538164641528567,
            "positive_count": 60,
            "negative_count": 40
        }
    },
    "args": {
        "target_column": "y3",
        "method": "ica",
        "method_params": "configs/ica.json",
        "regressor_name": "xgboost",
        "regressor_params": "configs/xgboost.json",
        "save_dir": "results/ica_y3_XG"
    }
}