{
    "model_name": "xgboost",
    "results": {
        "train": {
            "mse": 0.5058977776768832,
            "pearson_corr": 0.9999941547725413,
            "pearson_corr_without_mean": 0.9999940957587081,
            "conf_matrix": [
                [
                    0.53,
                    0.0
                ],
                [
                    0.0,
                    0.47
                ]
            ],
            "mean_value": 6.412347793579102,
            "std_dev": 161.0390167236328,
            "skewness": 0.32293335913659066,
            "kurt": -0.1413999127839931,
            "vol": 161.16664123535156,
            "mean_over_vol": 0.039787065237760544,
            "pos_ratio": 0.47,
            "neg_ratio": 0.53,
            "pos_neg_ratio": 0.8867924528301886
        },
        "val": {
            "mse": 0.5058977776768832,
            "pearson_corr": 0.9999941547725413,
            "pearson_corr_without_mean": 0.9999940957587081,
            "conf_matrix": [
                [
                    0.53,
                    0.0
                ],
                [
                    0.0,
                    0.47
                ]
            ],
            "mean_value": 6.412347793579102,
            "std_dev": 161.0390167236328,
            "skewness": 0.32293335913659066,
            "kurt": -0.1413999127839931,
            "vol": 161.16664123535156,
            "mean_over_vol": 0.039787065237760544,
            "pos_ratio": 0.47,
            "neg_ratio": 0.53,
            "pos_neg_ratio": 0.8867924528301886
        },
        "test": {
            "mse": 0.5058977776768832,
            "pearson_corr": 0.9999941547725413,
            "pearson_corr_without_mean": 0.9999940957587081,
            "conf_matrix": [
                [
                    0.53,
                    0.0
                ],
                [
                    0.0,
                    0.47
                ]
            ],
            "mean_value": 6.412347793579102,
            "std_dev": 161.0390167236328,
            "skewness": 0.32293335913659066,
            "kurt": -0.1413999127839931,
            "vol": 161.16664123535156,
            "mean_over_vol": 0.039787065237760544,
            "pos_ratio": 0.47,
            "neg_ratio": 0.53,
            "pos_neg_ratio": 0.8867924528301886
        },
        "train_pos": {
            "mse": 0.36826244364064104,
            "pearson_corr": 0.9999914074791335,
            "pearson_corr_without_mean": 0.9999967343083161,
            "conf_matrix": [
                [
                    1.0
                ]
            ],
            "mean_value": 143.1496124267578,
            "std_dev": 109.39706420898438,
            "skewness": 0.737577253559226,
            "kurt": -0.2243362087454277,
            "vol": 180.165283203125,
            "mean_over_vol": 0.7945460677146912,
            "pos_ratio": 1.0,
            "neg_ratio": 0.0,
            "pos_neg_ratio": Infinity
        },
        "val_pos": {
            "mse": 0.36826244364064104,
            "pearson_corr": 0.9999914074791335,
            "pearson_corr_without_mean": 0.9999967343083161,
            "conf_matrix": [
                [
                    1.0
                ]
            ],
            "mean_value": 143.1496124267578,
            "std_dev": 109.39706420898438,
            "skewness": 0.737577253559226,
            "kurt": -0.2243362087454277,
            "vol": 180.165283203125,
            "mean_over_vol": 0.7945460677146912,
            "pos_ratio": 1.0,
            "neg_ratio": 0.0,
            "pos_neg_ratio": Infinity
        },
        "test_pos": {
            "mse": 0.36826244364064104,
            "pearson_corr": 0.9999914074791335,
            "pearson_corr_without_mean": 0.9999967343083161,
            "conf_matrix": [
                [
                    1.0
                ]
            ],
            "mean_value": 143.1496124267578,
            "std_dev": 109.39706420898438,
            "skewness": 0.737577253559226,
            "kurt": -0.2243362087454277,
            "vol": 180.165283203125,
            "mean_over_vol": 0.7945460677146912,
            "pos_ratio": 1.0,
            "neg_ratio": 0.0,
            "pos_neg_ratio": Infinity
        }
    },
    "args": {
        "target_column": "y3",
        "k": 100,
        "feature_selection": "mutual_info_regression",
        "save_dir": "results/mutual_info_regression_y1_XG",
        "regressor_name": "xgboost",
        "regressor_params": "configs/xgboost.json"
    },
    "selected_features": [
        true,
        false,
        false,
        false,
        true,
        true,
        true,
        true,
        false,
        false,
        false,
        false,
        false,
        false,
        true,
        false,
        true,
        true,
        false,
        true,
        false,
        true,
        false,
        false,
        true,
        true,
        false,
        true,
        false,
        false,
        true,
        false,
        false,
        false,
        false,
        true,
        true,
        false,
        true,
        true,
        true,
        false,
        true,
        false,
        true,
        true,
        true,
        true,
        true,
        true,
        true,
        true,
        true,
        true,
        true,
        true,
        true,
        true,
        true,
        true,
        true,
        true,
        true,
        true,
        true,
        true,
        true,
        true,
        true,
        true,
        true,
        true,
        true,
        true,
        true,
        true,
        true,
        true,
        true,
        true,
        true,
        true,
        true,
        true,
        true,
        true,
        true,
        true,
        true,
        true,
        true,
        true,
        true,
        true,
        true,
        true,
        true,
        true,
        true,
        true,
        true,
        true,
        true,
        true,
        true,
        true,
        true,
        true,
        true,
        true,
        true,
        true,
        true,
        true,
        true,
        true,
        true,
        true,
        true,
        true,
        true,
        true,
        true,
        true
    ]
}