{
    "model_name": "xgboost",
    "results": {
        "train": {
            "mse": 0.6968852244211667,
            "pearson_corr": 0.9999942862316296,
            "pearson_corr_without_mean": 0.9999943247880162,
            "conf_matrix": [
                [
                    0.55,
                    0.0
                ],
                [
                    0.0,
                    0.45
                ]
            ],
            "mean_value": 15.60046672821045,
            "std_dev": 182.61013793945312,
            "skewness": 0.3813057699028428,
            "kurt": 0.14888370247749405,
            "vol": 183.27528381347656,
            "mean_over_vol": 0.08512040972709656,
            "pos_ratio": 0.45,
            "neg_ratio": 0.55,
            "pos_neg_ratio": 0.8181818181818181
        },
        "val": {
            "mse": 0.6968852244211667,
            "pearson_corr": 0.9999942862316296,
            "pearson_corr_without_mean": 0.9999943247880162,
            "conf_matrix": [
                [
                    0.55,
                    0.0
                ],
                [
                    0.0,
                    0.45
                ]
            ],
            "mean_value": 15.60046672821045,
            "std_dev": 182.61013793945312,
            "skewness": 0.3813057699028428,
            "kurt": 0.14888370247749405,
            "vol": 183.27528381347656,
            "mean_over_vol": 0.08512040972709656,
            "pos_ratio": 0.45,
            "neg_ratio": 0.55,
            "pos_neg_ratio": 0.8181818181818181
        },
        "test": {
            "mse": 0.6968852244211667,
            "pearson_corr": 0.9999942862316296,
            "pearson_corr_without_mean": 0.9999943247880162,
            "conf_matrix": [
                [
                    0.55,
                    0.0
                ],
                [
                    0.0,
                    0.45
                ]
            ],
            "mean_value": 15.60046672821045,
            "std_dev": 182.61013793945312,
            "skewness": 0.3813057699028428,
            "kurt": 0.14888370247749405,
            "vol": 183.27528381347656,
            "mean_over_vol": 0.08512040972709656,
            "pos_ratio": 0.45,
            "neg_ratio": 0.55,
            "pos_neg_ratio": 0.8181818181818181
        },
        "train_pos": {
            "mse": 0.6698841188448894,
            "pearson_corr": 0.9999889364701848,
            "pearson_corr_without_mean": 0.99999573279556,
            "conf_matrix": [
                [
                    1.0
                ]
            ],
            "mean_value": 173.10589599609375,
            "std_dev": 132.7451171875,
            "skewness": 0.6481220057526059,
            "kurt": -0.49210990409414057,
            "vol": 218.1442413330078,
            "mean_over_vol": 0.7935386896133423,
            "pos_ratio": 1.0,
            "neg_ratio": 0.0,
            "pos_neg_ratio": Infinity
        },
        "val_pos": {
            "mse": 0.6698841188448894,
            "pearson_corr": 0.9999889364701848,
            "pearson_corr_without_mean": 0.99999573279556,
            "conf_matrix": [
                [
                    1.0
                ]
            ],
            "mean_value": 173.10589599609375,
            "std_dev": 132.7451171875,
            "skewness": 0.6481220057526059,
            "kurt": -0.49210990409414057,
            "vol": 218.1442413330078,
            "mean_over_vol": 0.7935386896133423,
            "pos_ratio": 1.0,
            "neg_ratio": 0.0,
            "pos_neg_ratio": Infinity
        },
        "test_pos": {
            "mse": 0.6698841188448894,
            "pearson_corr": 0.9999889364701848,
            "pearson_corr_without_mean": 0.99999573279556,
            "conf_matrix": [
                [
                    1.0
                ]
            ],
            "mean_value": 173.10589599609375,
            "std_dev": 132.7451171875,
            "skewness": 0.6481220057526059,
            "kurt": -0.49210990409414057,
            "vol": 218.1442413330078,
            "mean_over_vol": 0.7935386896133423,
            "pos_ratio": 1.0,
            "neg_ratio": 0.0,
            "pos_neg_ratio": Infinity
        }
    },
    "args": {
        "target_column": "y1",
        "k": 100,
        "feature_selection": "f_regression",
        "save_dir": "results/f_regression_y1_XG",
        "regressor_name": "xgboost",
        "regressor_params": "configs/xgboost.json"
    },
    "selected_features": [
        true,
        false,
        true,
        true,
        true,
        true,
        true,
        false,
        true,
        true,
        true,
        false,
        true,
        true,
        true,
        true,
        true,
        false,
        true,
        true,
        true,
        true,
        true,
        false,
        true,
        true,
        true,
        true,
        true,
        true,
        true,
        true,
        true,
        true,
        true,
        true,
        true,
        false,
        true,
        true,
        true,
        true,
        true,
        true,
        true,
        true,
        true,
        false,
        true,
        false,
        true,
        true,
        true,
        true,
        true,
        true,
        true,
        true,
        true,
        true,
        true,
        true,
        true,
        true,
        true,
        true,
        true,
        true,
        true,
        true,
        true,
        true,
        true,
        false,
        true,
        true,
        true,
        false,
        true,
        true,
        false,
        true,
        true,
        true,
        true,
        false,
        true,
        true,
        false,
        true,
        false,
        false,
        true,
        true,
        true,
        true,
        true,
        false,
        true,
        false,
        true,
        true,
        true,
        true,
        true,
        true,
        true,
        true,
        false,
        false,
        false,
        false,
        true,
        true,
        true,
        false,
        true,
        false,
        true,
        true,
        false,
        true,
        true,
        true
    ]
}