{
    "alpha_0.001": {
        "model_name": "lasso",
        "results": {
            "train": {
                "mse": 0.0032713097575510107,
                "pearson_corr": 0.9999999600419831,
                "pearson_corr_without_mean": 0.999999960073274,
                "conf_matrix": [
                    [
                        517,
                        0
                    ],
                    [
                        0,
                        483
                    ]
                ],
                "mean_value": -5.6639568262224405,
                "std_dev": 202.1073002524301,
                "skewness": 0.049002681040456436,
                "kurt": -0.13138857570459272,
                "positive_count": 483,
                "negative_count": 517
            },
            "val": {
                "mse": 68712.84747432054,
                "pearson_corr": -0.08852891730947515,
                "pearson_corr_without_mean": -0.08870073610792248,
                "conf_matrix": [
                    [
                        25,
                        23
                    ],
                    [
                        28,
                        24
                    ]
                ],
                "mean_value": -2.6344084336466067,
                "std_dev": 210.94833719977572,
                "skewness": 0.4318236638396407,
                "kurt": -0.08568276095943927,
                "positive_count": 47,
                "negative_count": 53
            },
            "test": {
                "mse": 68712.84747432054,
                "pearson_corr": -0.08852891730947515,
                "pearson_corr_without_mean": -0.08870073610792248,
                "conf_matrix": [
                    [
                        25,
                        23
                    ],
                    [
                        28,
                        24
                    ]
                ],
                "mean_value": -2.6344084336466067,
                "std_dev": 210.94833719977572,
                "skewness": 0.4318236638396407,
                "kurt": -0.08568276095943927,
                "positive_count": 47,
                "negative_count": 53
            }
        }
    },
    "alpha_0.01": {
        "model_name": "lasso",
        "results": {
            "train": {
                "mse": 0.0010543346452237343,
                "pearson_corr": 0.9999999972686907,
                "pearson_corr_without_mean": 0.9999999972628542,
                "conf_matrix": [
                    [
                        517,
                        0
                    ],
                    [
                        0,
                        483
                    ]
                ],
                "mean_value": -5.6639568262224405,
                "std_dev": 202.08109759772896,
                "skewness": 0.04893996897193954,
                "kurt": -0.13143530867452835,
                "positive_count": 483,
                "negative_count": 517
            },
            "val": {
                "mse": 78280.96156557328,
                "pearson_corr": -0.08212501224637059,
                "pearson_corr_without_mean": -0.08182334135920181,
                "conf_matrix": [
                    [
                        25,
                        23
                    ],
                    [
                        26,
                        26
                    ]
                ],
                "mean_value": 4.277098549113315,
                "std_dev": 232.32137336327,
                "skewness": 0.426496432615788,
                "kurt": -0.12638536938765998,
                "positive_count": 49,
                "negative_count": 51
            },
            "test": {
                "mse": 78280.96156557328,
                "pearson_corr": -0.08212501224637059,
                "pearson_corr_without_mean": -0.08182334135920181,
                "conf_matrix": [
                    [
                        25,
                        23
                    ],
                    [
                        26,
                        26
                    ]
                ],
                "mean_value": 4.277098549113315,
                "std_dev": 232.32137336327,
                "skewness": 0.426496432615788,
                "kurt": -0.12638536938765998,
                "positive_count": 49,
                "negative_count": 51
            }
        }
    },
    "alpha_0.1": {
        "model_name": "lasso",
        "results": {
            "train": {
                "mse": 0.10542544858043063,
                "pearson_corr": 0.9999997261644992,
                "pearson_corr_without_mean": 0.9999997255799652,
                "conf_matrix": [
                    [
                        517,
                        0
                    ],
                    [
                        0,
                        483
                    ]
                ],
                "mean_value": -5.663956826222444,
                "std_dev": 201.82168243206394,
                "skewness": 0.04888213126941994,
                "kurt": -0.1313025096836018,
                "positive_count": 483,
                "negative_count": 517
            },
            "val": {
                "mse": 78137.10552641409,
                "pearson_corr": -0.0821455860784599,
                "pearson_corr_without_mean": -0.08184446709387729,
                "conf_matrix": [
                    [
                        25,
                        23
                    ],
                    [
                        26,
                        26
                    ]
                ],
                "mean_value": 4.263828828583641,
                "std_dev": 232.0233998160365,
                "skewness": 0.4264785241883228,
                "kurt": -0.12647372151052583,
                "positive_count": 49,
                "negative_count": 51
            },
            "test": {
                "mse": 78137.10552641409,
                "pearson_corr": -0.0821455860784599,
                "pearson_corr_without_mean": -0.08184446709387729,
                "conf_matrix": [
                    [
                        25,
                        23
                    ],
                    [
                        26,
                        26
                    ]
                ],
                "mean_value": 4.263828828583641,
                "std_dev": 232.0233998160365,
                "skewness": 0.4264785241883228,
                "kurt": -0.12647372151052583,
                "positive_count": 49,
                "negative_count": 51
            }
        }
    }
}