{
    "model_name": "linear_regression",
    "results": {
        "train": {
            "mse": 1.4678877698357772e-26,
            "pearson_corr": 1.0,
            "pearson_corr_without_mean": 1.0,
            "conf_matrix": [
                [
                    0.53,
                    0.0
                ],
                [
                    0.0,
                    0.47
                ]
            ],
            "mean_value": 7.793733775007688,
            "std_dev": 172.65814689408063,
            "skewness": 0.3340492697447389,
            "kurt": -0.06795913143876176,
            "vol": 172.83396071100617,
            "mean_over_vol": 0.04509376365007053,
            "pos_ratio": 0.47,
            "neg_ratio": 0.53,
            "pos_neg_ratio": 0.8867924528301886
        },
        "val": {
            "mse": 1.4678877698357772e-26,
            "pearson_corr": 1.0,
            "pearson_corr_without_mean": 1.0,
            "conf_matrix": [
                [
                    0.53,
                    0.0
                ],
                [
                    0.0,
                    0.47
                ]
            ],
            "mean_value": 7.793733775007688,
            "std_dev": 172.65814689408063,
            "skewness": 0.3340492697447389,
            "kurt": -0.06795913143876176,
            "vol": 172.83396071100617,
            "mean_over_vol": 0.04509376365007053,
            "pos_ratio": 0.47,
            "neg_ratio": 0.53,
            "pos_neg_ratio": 0.8867924528301886
        },
        "test": {
            "mse": 1.4678877698357772e-26,
            "pearson_corr": 1.0,
            "pearson_corr_without_mean": 1.0,
            "conf_matrix": [
                [
                    0.53,
                    0.0
                ],
                [
                    0.0,
                    0.47
                ]
            ],
            "mean_value": 7.793733775007688,
            "std_dev": 172.65814689408063,
            "skewness": 0.3340492697447389,
            "kurt": -0.06795913143876176,
            "vol": 172.83396071100617,
            "mean_over_vol": 0.04509376365007053,
            "pos_ratio": 0.47,
            "neg_ratio": 0.53,
            "pos_neg_ratio": 0.8867924528301886
        },
        "train_pos": {
            "mse": 1.352672906896984e-26,
            "pearson_corr": 0.9999999999999998,
            "pearson_corr_without_mean": 0.9999999999999998,
            "conf_matrix": [
                [
                    1.0
                ]
            ],
            "mean_value": 156.21017214466409,
            "std_dev": 114.34285183994355,
            "skewness": 0.9524852786073881,
            "kurt": 0.3859933684137542,
            "vol": 193.58694596577755,
            "mean_over_vol": 0.8069251331248288,
            "pos_ratio": 1.0,
            "neg_ratio": 0.0,
            "pos_neg_ratio": Infinity
        },
        "val_pos": {
            "mse": 1.352672906896984e-26,
            "pearson_corr": 0.9999999999999998,
            "pearson_corr_without_mean": 0.9999999999999998,
            "conf_matrix": [
                [
                    1.0
                ]
            ],
            "mean_value": 156.21017214466409,
            "std_dev": 114.34285183994355,
            "skewness": 0.9524852786073881,
            "kurt": 0.3859933684137542,
            "vol": 193.58694596577755,
            "mean_over_vol": 0.8069251331248288,
            "pos_ratio": 1.0,
            "neg_ratio": 0.0,
            "pos_neg_ratio": Infinity
        },
        "test_pos": {
            "mse": 1.352672906896984e-26,
            "pearson_corr": 0.9999999999999998,
            "pearson_corr_without_mean": 0.9999999999999998,
            "conf_matrix": [
                [
                    1.0
                ]
            ],
            "mean_value": 156.21017214466409,
            "std_dev": 114.34285183994355,
            "skewness": 0.9524852786073881,
            "kurt": 0.3859933684137542,
            "vol": 193.58694596577755,
            "mean_over_vol": 0.8069251331248288,
            "pos_ratio": 1.0,
            "neg_ratio": 0.0,
            "pos_neg_ratio": Infinity
        }
    },
    "selected_features": [
        false,
        false,
        false,
        false,
        false,
        false,
        false,
        false,
        false,
        false,
        false,
        false,
        false,
        false,
        false,
        false,
        true,
        false,
        false,
        false,
        true,
        false,
        false,
        false,
        false,
        true,
        false,
        false,
        false,
        false,
        false,
        false,
        false,
        false,
        false,
        false,
        false,
        false,
        false,
        false,
        false,
        false,
        false,
        false,
        false,
        false,
        true,
        false,
        false,
        false,
        false,
        false,
        false,
        false,
        false,
        false,
        false,
        false,
        false,
        false,
        true,
        false,
        false,
        false,
        false,
        false,
        false,
        false,
        true,
        true,
        false,
        false,
        false,
        false,
        false,
        false,
        false,
        false,
        false,
        false,
        false,
        false,
        false,
        false,
        false,
        false,
        false,
        false,
        true,
        false,
        false,
        false,
        false,
        false,
        true,
        true,
        false,
        false,
        false,
        false,
        false,
        false,
        false,
        false,
        false,
        false,
        false,
        false,
        false,
        false,
        false,
        false,
        false,
        false,
        false,
        false,
        true,
        false,
        false,
        false,
        false,
        false,
        false,
        false
    ]
}