{
    "model_name": "lasso",
    "results": {
        "train": {
            "mse": 0.010449212898084538,
            "pearson_corr": 0.9999998248453965,
            "pearson_corr_without_mean": 0.9999998252013532,
            "conf_matrix": [
                [
                    0.53,
                    0.0
                ],
                [
                    0.0,
                    0.47
                ]
            ],
            "mean_value": 7.79373377500769,
            "std_dev": 172.65562594881735,
            "skewness": 0.33420303359161163,
            "kurt": -0.06810787822984299,
            "vol": 172.83144233018953,
            "mean_over_vol": 0.04509442072535612,
            "pos_ratio": 0.47,
            "neg_ratio": 0.53,
            "pos_neg_ratio": 0.8867924528301886
        },
        "val": {
            "mse": 0.010449212898084538,
            "pearson_corr": 0.9999998248453965,
            "pearson_corr_without_mean": 0.9999998252013532,
            "conf_matrix": [
                [
                    0.53,
                    0.0
                ],
                [
                    0.0,
                    0.47
                ]
            ],
            "mean_value": 7.79373377500769,
            "std_dev": 172.65562594881735,
            "skewness": 0.33420303359161163,
            "kurt": -0.06810787822984299,
            "vol": 172.83144233018953,
            "mean_over_vol": 0.04509442072535612,
            "pos_ratio": 0.47,
            "neg_ratio": 0.53,
            "pos_neg_ratio": 0.8867924528301886
        },
        "test": {
            "mse": 0.010449212898084538,
            "pearson_corr": 0.9999998248453965,
            "pearson_corr_without_mean": 0.9999998252013532,
            "conf_matrix": [
                [
                    0.53,
                    0.0
                ],
                [
                    0.0,
                    0.47
                ]
            ],
            "mean_value": 7.79373377500769,
            "std_dev": 172.65562594881735,
            "skewness": 0.33420303359161163,
            "kurt": -0.06810787822984299,
            "vol": 172.83144233018953,
            "mean_over_vol": 0.04509442072535612,
            "pos_ratio": 0.47,
            "neg_ratio": 0.53,
            "pos_neg_ratio": 0.8867924528301886
        },
        "train_pos": {
            "mse": 0.01004705259140139,
            "pearson_corr": 0.9999996159105653,
            "pearson_corr_without_mean": 0.9999998659544209,
            "conf_matrix": [
                [
                    1.0
                ]
            ],
            "mean_value": 156.20880852154048,
            "std_dev": 114.34415085163087,
            "skewness": 0.9525647339992429,
            "kurt": 0.38626399376803944,
            "vol": 193.5866128989807,
            "mean_over_vol": 0.8069194774488613,
            "pos_ratio": 1.0,
            "neg_ratio": 0.0,
            "pos_neg_ratio": Infinity
        },
        "val_pos": {
            "mse": 0.01004705259140139,
            "pearson_corr": 0.9999996159105653,
            "pearson_corr_without_mean": 0.9999998659544209,
            "conf_matrix": [
                [
                    1.0
                ]
            ],
            "mean_value": 156.20880852154048,
            "std_dev": 114.34415085163087,
            "skewness": 0.9525647339992429,
            "kurt": 0.38626399376803944,
            "vol": 193.5866128989807,
            "mean_over_vol": 0.8069194774488613,
            "pos_ratio": 1.0,
            "neg_ratio": 0.0,
            "pos_neg_ratio": Infinity
        },
        "test_pos": {
            "mse": 0.01004705259140139,
            "pearson_corr": 0.9999996159105653,
            "pearson_corr_without_mean": 0.9999998659544209,
            "conf_matrix": [
                [
                    1.0
                ]
            ],
            "mean_value": 156.20880852154048,
            "std_dev": 114.34415085163087,
            "skewness": 0.9525647339992429,
            "kurt": 0.38626399376803944,
            "vol": 193.5866128989807,
            "mean_over_vol": 0.8069194774488613,
            "pos_ratio": 1.0,
            "neg_ratio": 0.0,
            "pos_neg_ratio": Infinity
        }
    },
    "selected_features": [
        true,
        true,
        true,
        true,
        true,
        true,
        true,
        true,
        true,
        true,
        true,
        true,
        true,
        true,
        true,
        true,
        true,
        true,
        true,
        true,
        true,
        true,
        true,
        true,
        true,
        true,
        true,
        true,
        true,
        true,
        true,
        true,
        true,
        true,
        true,
        true,
        true,
        true,
        true,
        true,
        true,
        true,
        true,
        true,
        true,
        true,
        true,
        true,
        true,
        true,
        true,
        true,
        true,
        true,
        true,
        true,
        true,
        true,
        true,
        true,
        true,
        true,
        true,
        true,
        true,
        true,
        true,
        true,
        true,
        true,
        true,
        true,
        true,
        true,
        true,
        true,
        true,
        true,
        true,
        true,
        true,
        true,
        true,
        true,
        true,
        true,
        true,
        true,
        true,
        true,
        true,
        true,
        true,
        true,
        true,
        true,
        true,
        true,
        true,
        true,
        true,
        true,
        true,
        true,
        true,
        true,
        true,
        true,
        true,
        true,
        true,
        true,
        true,
        true,
        true,
        true,
        true,
        true,
        true,
        true,
        true,
        true,
        true,
        true
    ]
}