{
    "model_name": "lasso",
    "results": {
        "train": {
            "mse": 0.13472123765618882,
            "pearson_corr": 0.9999991823211837,
            "pearson_corr_without_mean": 0.9999991810478276,
            "conf_matrix": [
                [
                    0.53,
                    0.0
                ],
                [
                    0.0,
                    0.47
                ]
            ],
            "mean_value": 7.793733775007687,
            "std_dev": 172.3647995080527,
            "skewness": 0.3344872578612397,
            "kurt": -0.06671385262432938,
            "vol": 172.54091223708915,
            "mean_over_vol": 0.04517035220202317,
            "pos_ratio": 0.47,
            "neg_ratio": 0.53,
            "pos_neg_ratio": 0.8867924528301886
        },
        "val": {
            "mse": 0.13472123765618882,
            "pearson_corr": 0.9999991823211837,
            "pearson_corr_without_mean": 0.9999991810478276,
            "conf_matrix": [
                [
                    0.53,
                    0.0
                ],
                [
                    0.0,
                    0.47
                ]
            ],
            "mean_value": 7.793733775007687,
            "std_dev": 172.3647995080527,
            "skewness": 0.3344872578612397,
            "kurt": -0.06671385262432938,
            "vol": 172.54091223708915,
            "mean_over_vol": 0.04517035220202317,
            "pos_ratio": 0.47,
            "neg_ratio": 0.53,
            "pos_neg_ratio": 0.8867924528301886
        },
        "test": {
            "mse": 0.13472123765618882,
            "pearson_corr": 0.9999991823211837,
            "pearson_corr_without_mean": 0.9999991810478276,
            "conf_matrix": [
                [
                    0.53,
                    0.0
                ],
                [
                    0.0,
                    0.47
                ]
            ],
            "mean_value": 7.793733775007687,
            "std_dev": 172.3647995080527,
            "skewness": 0.3344872578612397,
            "kurt": -0.06671385262432938,
            "vol": 172.54091223708915,
            "mean_over_vol": 0.04517035220202317,
            "pos_ratio": 0.47,
            "neg_ratio": 0.53,
            "pos_neg_ratio": 0.8867924528301886
        },
        "train_pos": {
            "mse": 0.157461866439108,
            "pearson_corr": 0.9999978302683635,
            "pearson_corr_without_mean": 0.9999992280357085,
            "conf_matrix": [
                [
                    1.0
                ]
            ],
            "mean_value": 155.97528050867007,
            "std_dev": 114.12917353380328,
            "skewness": 0.955409863708501,
            "kurt": 0.39256908470466945,
            "vol": 193.2711990475231,
            "mean_over_vol": 0.8070280583829647,
            "pos_ratio": 1.0,
            "neg_ratio": 0.0,
            "pos_neg_ratio": Infinity
        },
        "val_pos": {
            "mse": 0.157461866439108,
            "pearson_corr": 0.9999978302683635,
            "pearson_corr_without_mean": 0.9999992280357085,
            "conf_matrix": [
                [
                    1.0
                ]
            ],
            "mean_value": 155.97528050867007,
            "std_dev": 114.12917353380328,
            "skewness": 0.955409863708501,
            "kurt": 0.39256908470466945,
            "vol": 193.2711990475231,
            "mean_over_vol": 0.8070280583829647,
            "pos_ratio": 1.0,
            "neg_ratio": 0.0,
            "pos_neg_ratio": Infinity
        },
        "test_pos": {
            "mse": 0.157461866439108,
            "pearson_corr": 0.9999978302683635,
            "pearson_corr_without_mean": 0.9999992280357085,
            "conf_matrix": [
                [
                    1.0
                ]
            ],
            "mean_value": 155.97528050867007,
            "std_dev": 114.12917353380328,
            "skewness": 0.955409863708501,
            "kurt": 0.39256908470466945,
            "vol": 193.2711990475231,
            "mean_over_vol": 0.8070280583829647,
            "pos_ratio": 1.0,
            "neg_ratio": 0.0,
            "pos_neg_ratio": Infinity
        }
    },
    "selected_features": [
        false,
        false,
        false,
        false,
        false,
        false,
        false,
        false,
        false,
        false,
        false,
        false,
        false,
        false,
        false,
        false,
        true,
        false,
        false,
        false,
        true,
        false,
        false,
        false,
        false,
        true,
        false,
        false,
        false,
        false,
        false,
        false,
        false,
        false,
        false,
        false,
        false,
        false,
        false,
        false,
        false,
        false,
        false,
        false,
        false,
        false,
        true,
        false,
        false,
        false,
        false,
        false,
        false,
        false,
        false,
        false,
        false,
        false,
        false,
        false,
        true,
        false,
        false,
        false,
        false,
        false,
        false,
        false,
        true,
        true,
        false,
        false,
        false,
        false,
        false,
        false,
        false,
        false,
        false,
        false,
        false,
        false,
        false,
        false,
        false,
        false,
        false,
        false,
        true,
        false,
        false,
        false,
        false,
        false,
        true,
        true,
        false,
        false,
        false,
        false,
        false,
        false,
        false,
        false,
        false,
        false,
        false,
        false,
        false,
        false,
        false,
        false,
        false,
        false,
        false,
        false,
        true,
        false,
        false,
        false,
        false,
        false,
        false,
        false
    ]
}