{
    "model_name": "linear_regression",
    "results": {
        "train": {
            "mse": 2.619908814504612e-25,
            "pearson_corr": 1.0,
            "pearson_corr_without_mean": 0.9999999999999999,
            "conf_matrix": [
                [
                    0.53,
                    0.0
                ],
                [
                    0.0,
                    0.47
                ]
            ],
            "mean_value": 7.793733775007695,
            "std_dev": 172.65814689408074,
            "skewness": 0.33404926974474053,
            "kurt": -0.06795913143876087,
            "vol": 172.83396071100626,
            "mean_over_vol": 0.04509376365007055,
            "pos_ratio": 0.47,
            "neg_ratio": 0.53,
            "pos_neg_ratio": 0.8867924528301886
        },
        "val": {
            "mse": 2.619908814504612e-25,
            "pearson_corr": 1.0,
            "pearson_corr_without_mean": 0.9999999999999999,
            "conf_matrix": [
                [
                    0.53,
                    0.0
                ],
                [
                    0.0,
                    0.47
                ]
            ],
            "mean_value": 7.793733775007695,
            "std_dev": 172.65814689408074,
            "skewness": 0.33404926974474053,
            "kurt": -0.06795913143876087,
            "vol": 172.83396071100626,
            "mean_over_vol": 0.04509376365007055,
            "pos_ratio": 0.47,
            "neg_ratio": 0.53,
            "pos_neg_ratio": 0.8867924528301886
        },
        "test": {
            "mse": 2.619908814504612e-25,
            "pearson_corr": 1.0,
            "pearson_corr_without_mean": 0.9999999999999999,
            "conf_matrix": [
                [
                    0.53,
                    0.0
                ],
                [
                    0.0,
                    0.47
                ]
            ],
            "mean_value": 7.793733775007695,
            "std_dev": 172.65814689408074,
            "skewness": 0.33404926974474053,
            "kurt": -0.06795913143876087,
            "vol": 172.83396071100626,
            "mean_over_vol": 0.04509376365007055,
            "pos_ratio": 0.47,
            "neg_ratio": 0.53,
            "pos_neg_ratio": 0.8867924528301886
        },
        "train_pos": {
            "mse": 2.6372589877903953e-25,
            "pearson_corr": 0.9999999999999999,
            "pearson_corr_without_mean": 1.0000000000000002,
            "conf_matrix": [
                [
                    1.0
                ]
            ],
            "mean_value": 156.2101721446642,
            "std_dev": 114.34285183994358,
            "skewness": 0.9524852786073936,
            "kurt": 0.38599336841376397,
            "vol": 193.58694596577763,
            "mean_over_vol": 0.806925133124829,
            "pos_ratio": 1.0,
            "neg_ratio": 0.0,
            "pos_neg_ratio": Infinity
        },
        "val_pos": {
            "mse": 2.6372589877903953e-25,
            "pearson_corr": 0.9999999999999999,
            "pearson_corr_without_mean": 1.0000000000000002,
            "conf_matrix": [
                [
                    1.0
                ]
            ],
            "mean_value": 156.2101721446642,
            "std_dev": 114.34285183994358,
            "skewness": 0.9524852786073936,
            "kurt": 0.38599336841376397,
            "vol": 193.58694596577763,
            "mean_over_vol": 0.806925133124829,
            "pos_ratio": 1.0,
            "neg_ratio": 0.0,
            "pos_neg_ratio": Infinity
        },
        "test_pos": {
            "mse": 2.6372589877903953e-25,
            "pearson_corr": 0.9999999999999999,
            "pearson_corr_without_mean": 1.0000000000000002,
            "conf_matrix": [
                [
                    1.0
                ]
            ],
            "mean_value": 156.2101721446642,
            "std_dev": 114.34285183994358,
            "skewness": 0.9524852786073936,
            "kurt": 0.38599336841376397,
            "vol": 193.58694596577763,
            "mean_over_vol": 0.806925133124829,
            "pos_ratio": 1.0,
            "neg_ratio": 0.0,
            "pos_neg_ratio": Infinity
        }
    },
    "selected_features": [
        true,
        true,
        true,
        true,
        true,
        true,
        true,
        true,
        true,
        true,
        true,
        true,
        true,
        true,
        true,
        true,
        true,
        true,
        true,
        true,
        true,
        true,
        true,
        true,
        true,
        true,
        true,
        true,
        true,
        true,
        true,
        true,
        true,
        true,
        true,
        true,
        true,
        true,
        true,
        true,
        true,
        true,
        true,
        true,
        true,
        true,
        true,
        true,
        true,
        true,
        true,
        true,
        true,
        true,
        true,
        true,
        true,
        true,
        true,
        true,
        true,
        true,
        true,
        true,
        true,
        true,
        true,
        true,
        true,
        true,
        true,
        true,
        true,
        true,
        true,
        true,
        true,
        true,
        true,
        true,
        true,
        true,
        true,
        true,
        true,
        true,
        true,
        true,
        true,
        true,
        true,
        true,
        true,
        true,
        true,
        true,
        true,
        true,
        true,
        true,
        true,
        true,
        true,
        true,
        true,
        true,
        true,
        true,
        true,
        true,
        true,
        true,
        true,
        true,
        true,
        true,
        true,
        true,
        true,
        true,
        true,
        true,
        true,
        true
    ]
}