{
    "model_name": "lasso",
    "results": {
        "train": {
            "mse": 0.10542544858043063,
            "pearson_corr": 0.9999997261644992,
            "pearson_corr_without_mean": 0.9999997255799652,
            "conf_matrix": [
                [
                    517,
                    0
                ],
                [
                    0,
                    483
                ]
            ],
            "mean_value": -5.663956826222444,
            "std_dev": 201.82168243206394,
            "skewness": 0.04888213126941994,
            "kurt": -0.1313025096836018,
            "positive_count": 483,
            "negative_count": 517
        },
        "val": {
            "mse": 78137.10552641409,
            "pearson_corr": -0.0821455860784599,
            "pearson_corr_without_mean": -0.08184446709387729,
            "conf_matrix": [
                [
                    25,
                    23
                ],
                [
                    26,
                    26
                ]
            ],
            "mean_value": 4.263828828583641,
            "std_dev": 232.0233998160365,
            "skewness": 0.4264785241883228,
            "kurt": -0.12647372151052583,
            "positive_count": 49,
            "negative_count": 51
        },
        "test": {
            "mse": 78137.10552641409,
            "pearson_corr": -0.0821455860784599,
            "pearson_corr_without_mean": -0.08184446709387729,
            "conf_matrix": [
                [
                    25,
                    23
                ],
                [
                    26,
                    26
                ]
            ],
            "mean_value": 4.263828828583641,
            "std_dev": 232.0233998160365,
            "skewness": 0.4264785241883228,
            "kurt": -0.12647372151052583,
            "positive_count": 49,
            "negative_count": 51
        }
    }
}