{
    "model_name": "lasso",
    "results": {
        "train": {
            "mse": 0.022830268879297674,
            "pearson_corr": 0.999999644857237,
            "pearson_corr_without_mean": 0.9999996455230079,
            "conf_matrix": [
                [
                    0.53,
                    0.0
                ],
                [
                    0.0,
                    0.47
                ]
            ],
            "mean_value": 7.793733775007695,
            "std_dev": 172.61739076620563,
            "skewness": 0.33440967385761167,
            "kurt": -0.06830472242133334,
            "vol": 172.79324605171533,
            "mean_over_vol": 0.04510438893355303,
            "pos_ratio": 0.47,
            "neg_ratio": 0.53,
            "pos_neg_ratio": 0.8867924528301886
        },
        "val": {
            "mse": 0.022830268879297674,
            "pearson_corr": 0.999999644857237,
            "pearson_corr_without_mean": 0.9999996455230079,
            "conf_matrix": [
                [
                    0.53,
                    0.0
                ],
                [
                    0.0,
                    0.47
                ]
            ],
            "mean_value": 7.793733775007695,
            "std_dev": 172.61739076620563,
            "skewness": 0.33440967385761167,
            "kurt": -0.06830472242133334,
            "vol": 172.79324605171533,
            "mean_over_vol": 0.04510438893355303,
            "pos_ratio": 0.47,
            "neg_ratio": 0.53,
            "pos_neg_ratio": 0.8867924528301886
        },
        "test": {
            "mse": 0.022830268879297674,
            "pearson_corr": 0.999999644857237,
            "pearson_corr_without_mean": 0.9999996455230079,
            "conf_matrix": [
                [
                    0.53,
                    0.0
                ],
                [
                    0.0,
                    0.47
                ]
            ],
            "mean_value": 7.793733775007695,
            "std_dev": 172.61739076620563,
            "skewness": 0.33440967385761167,
            "kurt": -0.06830472242133334,
            "vol": 172.79324605171533,
            "mean_over_vol": 0.04510438893355303,
            "pos_ratio": 0.47,
            "neg_ratio": 0.53,
            "pos_neg_ratio": 0.8867924528301886
        },
        "train_pos": {
            "mse": 0.021779357253144227,
            "pearson_corr": 0.999999210250054,
            "pearson_corr_without_mean": 0.9999997242064873,
            "conf_matrix": [
                [
                    1.0
                ]
            ],
            "mean_value": 156.185977392237,
            "std_dev": 114.31945610371797,
            "skewness": 0.9522616591160009,
            "kurt": 0.3860024595825293,
            "vol": 193.55360388744575,
            "mean_over_vol": 0.8069391334250817,
            "pos_ratio": 1.0,
            "neg_ratio": 0.0,
            "pos_neg_ratio": Infinity
        },
        "val_pos": {
            "mse": 0.021779357253144227,
            "pearson_corr": 0.999999210250054,
            "pearson_corr_without_mean": 0.9999997242064873,
            "conf_matrix": [
                [
                    1.0
                ]
            ],
            "mean_value": 156.185977392237,
            "std_dev": 114.31945610371797,
            "skewness": 0.9522616591160009,
            "kurt": 0.3860024595825293,
            "vol": 193.55360388744575,
            "mean_over_vol": 0.8069391334250817,
            "pos_ratio": 1.0,
            "neg_ratio": 0.0,
            "pos_neg_ratio": Infinity
        },
        "test_pos": {
            "mse": 0.021779357253144227,
            "pearson_corr": 0.999999210250054,
            "pearson_corr_without_mean": 0.9999997242064873,
            "conf_matrix": [
                [
                    1.0
                ]
            ],
            "mean_value": 156.185977392237,
            "std_dev": 114.31945610371797,
            "skewness": 0.9522616591160009,
            "kurt": 0.3860024595825293,
            "vol": 193.55360388744575,
            "mean_over_vol": 0.8069391334250817,
            "pos_ratio": 1.0,
            "neg_ratio": 0.0,
            "pos_neg_ratio": Infinity
        }
    },
    "selected_features": [
        true,
        true,
        true,
        true,
        false,
        true,
        false,
        true,
        true,
        true,
        false,
        true,
        true,
        true,
        false,
        true,
        true,
        true,
        false,
        true,
        true,
        true,
        true,
        true,
        true,
        true,
        false,
        true,
        true,
        true,
        true,
        true,
        true,
        true,
        false,
        false,
        true,
        false,
        true,
        true,
        true,
        true,
        false,
        false,
        false,
        true,
        true,
        true,
        true,
        true,
        true,
        true,
        true,
        false,
        false,
        true,
        true,
        false,
        true,
        true,
        true,
        true,
        true,
        true,
        true,
        true,
        true,
        true,
        true,
        true,
        true,
        true,
        false,
        false,
        true,
        true,
        false,
        false,
        true,
        false,
        true,
        true,
        true,
        false,
        true,
        false,
        true,
        true,
        true,
        true,
        true,
        false,
        true,
        true,
        true,
        true,
        false,
        true,
        true,
        true,
        true,
        false,
        true,
        false,
        true,
        true,
        true,
        true,
        true,
        false,
        true,
        true,
        true,
        true,
        true,
        true,
        true,
        true,
        false,
        true,
        false,
        true,
        false,
        false
    ]
}