{
    "model_name": "linear_regression",
    "results": {
        "train": {
            "mse": 1.3858596611193227e-25,
            "pearson_corr": 1.0,
            "pearson_corr_without_mean": 1.0000000000000002,
            "conf_matrix": [
                [
                    0.53,
                    0.0
                ],
                [
                    0.0,
                    0.47
                ]
            ],
            "mean_value": 7.7937337750076985,
            "std_dev": 172.6581468940807,
            "skewness": 0.33404926974473875,
            "kurt": -0.06795913143876087,
            "vol": 172.83396071100623,
            "mean_over_vol": 0.045093763650070576,
            "pos_ratio": 0.47,
            "neg_ratio": 0.53,
            "pos_neg_ratio": 0.8867924528301886
        },
        "val": {
            "mse": 1.3858596611193227e-25,
            "pearson_corr": 1.0,
            "pearson_corr_without_mean": 1.0000000000000002,
            "conf_matrix": [
                [
                    0.53,
                    0.0
                ],
                [
                    0.0,
                    0.47
                ]
            ],
            "mean_value": 7.7937337750076985,
            "std_dev": 172.6581468940807,
            "skewness": 0.33404926974473875,
            "kurt": -0.06795913143876087,
            "vol": 172.83396071100623,
            "mean_over_vol": 0.045093763650070576,
            "pos_ratio": 0.47,
            "neg_ratio": 0.53,
            "pos_neg_ratio": 0.8867924528301886
        },
        "test": {
            "mse": 1.3858596611193227e-25,
            "pearson_corr": 1.0,
            "pearson_corr_without_mean": 1.0000000000000002,
            "conf_matrix": [
                [
                    0.53,
                    0.0
                ],
                [
                    0.0,
                    0.47
                ]
            ],
            "mean_value": 7.7937337750076985,
            "std_dev": 172.6581468940807,
            "skewness": 0.33404926974473875,
            "kurt": -0.06795913143876087,
            "vol": 172.83396071100623,
            "mean_over_vol": 0.045093763650070576,
            "pos_ratio": 0.47,
            "neg_ratio": 0.53,
            "pos_neg_ratio": 0.8867924528301886
        },
        "train_pos": {
            "mse": 1.395095192366352e-25,
            "pearson_corr": 1.0,
            "pearson_corr_without_mean": 1.0000000000000002,
            "conf_matrix": [
                [
                    1.0
                ]
            ],
            "mean_value": 156.21017214466414,
            "std_dev": 114.34285183994356,
            "skewness": 0.9524852786073887,
            "kurt": 0.38599336841375287,
            "vol": 193.58694596577757,
            "mean_over_vol": 0.8069251331248289,
            "pos_ratio": 1.0,
            "neg_ratio": 0.0,
            "pos_neg_ratio": Infinity
        },
        "val_pos": {
            "mse": 1.395095192366352e-25,
            "pearson_corr": 1.0,
            "pearson_corr_without_mean": 1.0000000000000002,
            "conf_matrix": [
                [
                    1.0
                ]
            ],
            "mean_value": 156.21017214466414,
            "std_dev": 114.34285183994356,
            "skewness": 0.9524852786073887,
            "kurt": 0.38599336841375287,
            "vol": 193.58694596577757,
            "mean_over_vol": 0.8069251331248289,
            "pos_ratio": 1.0,
            "neg_ratio": 0.0,
            "pos_neg_ratio": Infinity
        },
        "test_pos": {
            "mse": 1.395095192366352e-25,
            "pearson_corr": 1.0,
            "pearson_corr_without_mean": 1.0000000000000002,
            "conf_matrix": [
                [
                    1.0
                ]
            ],
            "mean_value": 156.21017214466414,
            "std_dev": 114.34285183994356,
            "skewness": 0.9524852786073887,
            "kurt": 0.38599336841375287,
            "vol": 193.58694596577757,
            "mean_over_vol": 0.8069251331248289,
            "pos_ratio": 1.0,
            "neg_ratio": 0.0,
            "pos_neg_ratio": Infinity
        }
    },
    "args": {
        "target_column": "y2",
        "k": 100,
        "feature_selection": "f_regression",
        "save_dir": "results/f_regression_y2_LR",
        "regressor_name": "linear_regression",
        "regressor_params": "configs/linear_regression.json"
    },
    "selected_features": [
        true,
        true,
        true,
        true,
        true,
        true,
        false,
        true,
        true,
        true,
        true,
        false,
        true,
        false,
        true,
        true,
        true,
        true,
        false,
        true,
        true,
        true,
        true,
        true,
        true,
        true,
        true,
        true,
        true,
        true,
        true,
        true,
        true,
        false,
        true,
        true,
        true,
        false,
        true,
        true,
        true,
        true,
        true,
        false,
        true,
        true,
        true,
        true,
        true,
        false,
        true,
        true,
        true,
        true,
        false,
        true,
        false,
        false,
        true,
        true,
        true,
        true,
        true,
        true,
        true,
        true,
        false,
        true,
        true,
        true,
        true,
        true,
        true,
        true,
        true,
        false,
        true,
        false,
        true,
        true,
        false,
        true,
        true,
        true,
        true,
        false,
        true,
        false,
        true,
        true,
        false,
        false,
        true,
        true,
        false,
        true,
        true,
        true,
        true,
        false,
        true,
        true,
        false,
        true,
        true,
        true,
        true,
        true,
        false,
        true,
        true,
        true,
        true,
        true,
        true,
        true,
        true,
        true,
        true,
        true,
        true,
        true,
        false,
        true
    ]
}