{
    "model_name": "linear_regression",
    "results": {
        "train": {
            "mse": 5.925845860955336e-26,
            "pearson_corr": 1.0,
            "pearson_corr_without_mean": 1.0,
            "conf_matrix": [
                [
                    0.53,
                    0.0
                ],
                [
                    0.0,
                    0.47
                ]
            ],
            "mean_value": 6.404271683948293,
            "std_dev": 161.48824987517327,
            "skewness": 0.3196800321351756,
            "kurt": -0.13896279241787557,
            "vol": 161.61518970551072,
            "mean_over_vol": 0.03962666934721868,
            "pos_ratio": 0.47,
            "neg_ratio": 0.53,
            "pos_neg_ratio": 0.8867924528301886
        },
        "val": {
            "mse": 5.925845860955336e-26,
            "pearson_corr": 1.0,
            "pearson_corr_without_mean": 1.0,
            "conf_matrix": [
                [
                    0.53,
                    0.0
                ],
                [
                    0.0,
                    0.47
                ]
            ],
            "mean_value": 6.404271683948293,
            "std_dev": 161.48824987517327,
            "skewness": 0.3196800321351756,
            "kurt": -0.13896279241787557,
            "vol": 161.61518970551072,
            "mean_over_vol": 0.03962666934721868,
            "pos_ratio": 0.47,
            "neg_ratio": 0.53,
            "pos_neg_ratio": 0.8867924528301886
        },
        "test": {
            "mse": 5.925845860955336e-26,
            "pearson_corr": 1.0,
            "pearson_corr_without_mean": 1.0,
            "conf_matrix": [
                [
                    0.53,
                    0.0
                ],
                [
                    0.0,
                    0.47
                ]
            ],
            "mean_value": 6.404271683948293,
            "std_dev": 161.48824987517327,
            "skewness": 0.3196800321351756,
            "kurt": -0.13896279241787557,
            "vol": 161.61518970551072,
            "mean_over_vol": 0.03962666934721868,
            "pos_ratio": 0.47,
            "neg_ratio": 0.53,
            "pos_neg_ratio": 0.8867924528301886
        },
        "train_pos": {
            "mse": 5.406948419651632e-26,
            "pearson_corr": 0.9999999999999998,
            "pearson_corr_without_mean": 1.0,
            "conf_matrix": [
                [
                    1.0
                ]
            ],
            "mean_value": 143.51522148495263,
            "std_dev": 109.56621162666058,
            "skewness": 0.740881106334894,
            "kurt": -0.21525437987417417,
            "vol": 180.5585044468778,
            "mean_over_vol": 0.7948405527870126,
            "pos_ratio": 1.0,
            "neg_ratio": 0.0,
            "pos_neg_ratio": Infinity
        },
        "val_pos": {
            "mse": 5.406948419651632e-26,
            "pearson_corr": 0.9999999999999998,
            "pearson_corr_without_mean": 1.0,
            "conf_matrix": [
                [
                    1.0
                ]
            ],
            "mean_value": 143.51522148495263,
            "std_dev": 109.56621162666058,
            "skewness": 0.740881106334894,
            "kurt": -0.21525437987417417,
            "vol": 180.5585044468778,
            "mean_over_vol": 0.7948405527870126,
            "pos_ratio": 1.0,
            "neg_ratio": 0.0,
            "pos_neg_ratio": Infinity
        },
        "test_pos": {
            "mse": 5.406948419651632e-26,
            "pearson_corr": 0.9999999999999998,
            "pearson_corr_without_mean": 1.0,
            "conf_matrix": [
                [
                    1.0
                ]
            ],
            "mean_value": 143.51522148495263,
            "std_dev": 109.56621162666058,
            "skewness": 0.740881106334894,
            "kurt": -0.21525437987417417,
            "vol": 180.5585044468778,
            "mean_over_vol": 0.7948405527870126,
            "pos_ratio": 1.0,
            "neg_ratio": 0.0,
            "pos_neg_ratio": Infinity
        }
    },
    "args": {
        "target_column": "y3",
        "k": 100,
        "feature_selection": "f_regression",
        "save_dir": "results/f_regression_y3_LR",
        "regressor_name": "linear_regression",
        "regressor_params": "configs/linear_regression.json"
    },
    "selected_features": [
        true,
        true,
        true,
        true,
        true,
        true,
        false,
        false,
        false,
        true,
        true,
        true,
        true,
        true,
        true,
        true,
        true,
        true,
        true,
        true,
        true,
        true,
        true,
        true,
        true,
        true,
        true,
        true,
        true,
        true,
        true,
        true,
        true,
        true,
        true,
        true,
        true,
        true,
        true,
        true,
        false,
        true,
        true,
        false,
        true,
        true,
        true,
        true,
        true,
        false,
        true,
        true,
        true,
        false,
        false,
        true,
        true,
        false,
        false,
        true,
        false,
        false,
        true,
        true,
        false,
        true,
        true,
        false,
        true,
        true,
        true,
        true,
        true,
        false,
        true,
        true,
        false,
        false,
        true,
        true,
        true,
        true,
        true,
        false,
        true,
        true,
        true,
        true,
        true,
        true,
        false,
        true,
        true,
        true,
        true,
        true,
        true,
        true,
        true,
        false,
        true,
        true,
        true,
        true,
        true,
        true,
        true,
        false,
        true,
        true,
        true,
        true,
        true,
        true,
        false,
        true,
        true,
        false,
        true,
        true,
        false,
        true,
        true,
        true
    ]
}