{
    "model_name": "pca",
    "results": {
        "train": {
            "mse": 1873.7690742732264,
            "pearson_corr": 0.9935992783865829,
            "pearson_corr_without_mean": 0.9935850759596461,
            "conf_matrix": [
                [
                    501,
                    16
                ],
                [
                    20,
                    463
                ]
            ],
            "mean_value": -5.648885726928711,
            "std_dev": 164.03961181640625,
            "skewness": 0.09800106899046071,
            "kurt": -0.004009967101334055,
            "positive_count": 479,
            "negative_count": 521
        },
        "val": {
            "mse": 20351.37062887598,
            "pearson_corr": 0.1111904067586318,
            "pearson_corr_without_mean": 0.10646609314329739,
            "conf_matrix": [
                [
                    29,
                    19
                ],
                [
                    32,
                    20
                ]
            ],
            "mean_value": -9.934629440307617,
            "std_dev": 52.81644821166992,
            "skewness": 0.3934198397733652,
            "kurt": -0.159994006853454,
            "positive_count": 39,
            "negative_count": 61
        },
        "test": {
            "mse": 20351.37062887598,
            "pearson_corr": 0.1111904067586318,
            "pearson_corr_without_mean": 0.10646609314329739,
            "conf_matrix": [
                [
                    29,
                    19
                ],
                [
                    32,
                    20
                ]
            ],
            "mean_value": -9.934629440307617,
            "std_dev": 52.81644821166992,
            "skewness": 0.3934198397733652,
            "kurt": -0.159994006853454,
            "positive_count": 39,
            "negative_count": 61
        }
    },
    "args": {
        "target_column": "y2",
        "method": "pca",
        "method_params": "configs/pca.json",
        "regressor_name": "xgboost",
        "regressor_params": "configs/xgboost.json",
        "save_dir": "results/pca_xgboost_y2"
    }
}