{
    "model_name": "xgboost",
    "results": {
        "train": {
            "mse": 4162.632786909775,
            "pearson_corr": 0.9359129059893337,
            "pearson_corr_without_mean": 0.9363887693857467,
            "conf_matrix": [
                [
                    0.46,
                    0.09
                ],
                [
                    0.08,
                    0.37
                ]
            ],
            "mean_value": 15.578360145751956,
            "std_dev": 171.43176214377277,
            "skewness": 0.2912589800000935,
            "kurt": -0.23882749274789328,
            "vol": 172.13812586568332,
            "mean_over_vol": 0.09049918527582615,
            "pos_ratio": 0.46,
            "neg_ratio": 0.54,
            "pos_neg_ratio": 0.8518518518518519
        },
        "val": {
            "mse": 4162.632786909775,
            "pearson_corr": 0.9359129059893337,
            "pearson_corr_without_mean": 0.9363887693857467,
            "conf_matrix": [
                [
                    0.46,
                    0.09
                ],
                [
                    0.08,
                    0.37
                ]
            ],
            "mean_value": 15.578360145751956,
            "std_dev": 171.43176214377277,
            "skewness": 0.2912589800000935,
            "kurt": -0.23882749274789328,
            "vol": 172.13812586568332,
            "mean_over_vol": 0.09049918527582615,
            "pos_ratio": 0.46,
            "neg_ratio": 0.54,
            "pos_neg_ratio": 0.8518518518518519
        },
        "test": {
            "mse": 4162.632786909775,
            "pearson_corr": 0.9359129059893337,
            "pearson_corr_without_mean": 0.9363887693857467,
            "conf_matrix": [
                [
                    0.46,
                    0.09
                ],
                [
                    0.08,
                    0.37
                ]
            ],
            "mean_value": 15.578360145751956,
            "std_dev": 171.43176214377277,
            "skewness": 0.2912589800000935,
            "kurt": -0.23882749274789328,
            "vol": 172.13812586568332,
            "mean_over_vol": 0.09049918527582615,
            "pos_ratio": 0.46,
            "neg_ratio": 0.54,
            "pos_neg_ratio": 0.8518518518518519
        },
        "train_pos": {
            "mse": 5125.052141632931,
            "pearson_corr": 0.8880093640422313,
            "pearson_corr_without_mean": 0.9443507624761904,
            "conf_matrix": [
                [
                    0.0,
                    0.1956521739130435
                ],
                [
                    0.0,
                    0.8043478260869565
                ]
            ],
            "mean_value": 161.85553964472734,
            "std_dev": 120.76293285862252,
            "skewness": 0.38669427193010725,
            "kurt": -1.24993967623441,
            "vol": 201.94281781311776,
            "mean_over_vol": 0.8014919341895682,
            "pos_ratio": 1.0,
            "neg_ratio": 0.0,
            "pos_neg_ratio": Infinity
        },
        "val_pos": {
            "mse": 5125.052141632931,
            "pearson_corr": 0.8880093640422313,
            "pearson_corr_without_mean": 0.9443507624761904,
            "conf_matrix": [
                [
                    0.0,
                    0.1956521739130435
                ],
                [
                    0.0,
                    0.8043478260869565
                ]
            ],
            "mean_value": 161.85553964472734,
            "std_dev": 120.76293285862252,
            "skewness": 0.38669427193010725,
            "kurt": -1.24993967623441,
            "vol": 201.94281781311776,
            "mean_over_vol": 0.8014919341895682,
            "pos_ratio": 1.0,
            "neg_ratio": 0.0,
            "pos_neg_ratio": Infinity
        },
        "test_pos": {
            "mse": 5125.052141632931,
            "pearson_corr": 0.8880093640422313,
            "pearson_corr_without_mean": 0.9443507624761904,
            "conf_matrix": [
                [
                    0.0,
                    0.1956521739130435
                ],
                [
                    0.0,
                    0.8043478260869565
                ]
            ],
            "mean_value": 161.85553964472734,
            "std_dev": 120.76293285862252,
            "skewness": 0.38669427193010725,
            "kurt": -1.24993967623441,
            "vol": 201.94281781311776,
            "mean_over_vol": 0.8014919341895682,
            "pos_ratio": 1.0,
            "neg_ratio": 0.0,
            "pos_neg_ratio": Infinity
        }
    },
    "args": {
        "target_column": "y1",
        "model_name": "xgboost",
        "regressor_name": "linear_regression",
        "regressor_params": "configs/linear_regression.json",
        "model_params": "configs/xgboost.json",
        "threshold": "1.25*mean",
        "save_dir": "results/xgboost_LR_y1"
    },
    "selected_features": [
        false,
        false,
        false,
        false,
        true,
        false,
        false,
        false,
        true,
        false,
        false,
        false,
        false,
        false,
        false,
        false,
        false,
        false,
        false,
        true,
        true,
        false,
        false,
        false,
        true,
        true,
        false,
        false,
        false,
        false,
        false,
        false,
        false,
        false,
        false,
        false,
        false,
        false,
        false,
        false,
        false,
        false,
        false,
        false,
        true,
        false,
        true,
        false,
        false,
        false,
        false,
        false,
        false,
        true,
        true,
        false,
        true,
        false,
        true,
        false,
        true,
        false,
        false,
        false,
        false,
        true,
        true,
        true,
        false,
        true,
        false,
        false,
        true,
        false,
        false,
        false,
        false,
        false,
        true,
        false,
        true,
        false,
        false,
        false,
        false,
        false,
        false,
        false,
        false,
        false,
        false,
        false,
        false,
        true,
        true,
        true,
        false,
        false,
        false,
        false,
        false,
        false,
        false,
        false,
        false,
        false,
        false,
        false,
        false,
        false,
        true,
        false,
        false,
        false,
        false,
        false,
        false,
        false,
        false,
        false,
        false,
        false,
        false,
        true
    ]
}